<?xml version="1.0" encoding="UTF-8"?>
<xl:export xmlns:xl="http://www.xebialabs.com/xl-export">
  <xl:metadata>
    <xl:exported-by>admin</xl:exported-by>
    <xl:exported-at>2019-11-19T13:57:23.779+0000</xl:exported-at>
    <xl:exported-format-version>9.0.5</xl:exported-format-version>
    <xl:encryption-key-fingerprint>75a69783f7141d2adfa359690aeaf03facaa3f7d</xl:encryption-key-fingerprint>
  </xl:metadata>
  <xl:exported-configuration-items exported-root-id="Environments">
    <udm.Environment id="Environments/PRD" created-by="admin" created-at="2019-11-19T13:15:17.837+0000" last-modified-by="admin" last-modified-at="2019-11-19T13:15:17.837+0000">
      <members>
        <ci ref="Infrastructure/mac-2/jboss.192.168.64.132.xip.io" />
        <ci ref="Infrastructure/mac-2" />
        <ci ref="Infrastructure/Windows10Cifs" />
      </members>
      <dictionaries>
        <ci ref="Environments/PRD_DICT" />
      </dictionaries>
      <triggers>
        <ci ref="Configuration/FailedStepTrigger" />
      </triggers>
      <smtpServer ref="Configuration/PRD_SMTP_SERVER" />
      <jiraUrl>false</jiraUrl>
      <jiraUsername>false</jiraUsername>
      <jiraPassword>{aes:v0}oW0Jdcrtq0FFeGQDtx8Dr4AOT/A86DiVGpUL4gFdHJ8=</jiraPassword>
      <requiresJiraTicketForUAT>false</requiresJiraTicketForUAT>
      <requiresJiraTicketForProduction>false</requiresJiraTicketForProduction>
    </udm.Environment>
    <udm.DeployedApplication id="Environments/PRD/windows-webform" created-by="admin" created-at="2019-11-19T13:56:45.299+0000" last-modified-by="admin" last-modified-at="2019-11-19T13:56:45.299+0000">
      <version ref="Applications/windows-webform/1.1" />
      <deployeds>
        <ci ref="Infrastructure/Windows10Cifs/windows-webform-1.1.zip" />
      </deployeds>
      <orchestrator>
        <value>parallel-by-container</value>
      </orchestrator>
      <optimizePlan>true</optimizePlan>
      <boundConfigurationItems />
      <unresolvedPlaceholders />
      <undeployDependencies>false</undeployDependencies>
      <onSuccessPolicy>NOOP</onSuccessPolicy>
    </udm.DeployedApplication>
    <udm.Dictionary id="Environments/PRD_DICT" created-by="admin" created-at="2019-11-19T13:15:17.837+0000" last-modified-by="admin" last-modified-at="2019-11-19T13:15:17.837+0000">
      <restrictToContainers />
      <restrictToApplications />
      <entries>
        <entry key="PETSTORE_SMOKETEST_URL">http://jboss-webapp.192.168.64.132.nip.io/tomcat-sample/hello.jsp</entry>
        <entry key="JBOSS_HOME">/opt/jboss/wildfly</entry>
        <entry key="WINDOWS_SMOKETEST_URL">http://DESKTOP-OU0F15M:8080</entry>
        <entry key="message">Hello PRD ZKB!</entry>
      </entries>
      <encryptedEntries />
    </udm.Dictionary>
    <udm.Environment id="Environments/UAT" created-by="admin" created-at="2019-11-19T13:15:17.837+0000" last-modified-by="admin" last-modified-at="2019-11-19T13:15:17.837+0000">
      <members>
        <ci ref="Infrastructure/mac-1/jboss.192.168.64.132.xip.io" />
        <ci ref="Infrastructure/Windows10Cifs" />
        <ci ref="Infrastructure/mac-1" />
      </members>
      <dictionaries>
        <ci ref="Environments/UAT_DICT" />
      </dictionaries>
      <triggers>
        <ci ref="Configuration/FailedStepTrigger" />
      </triggers>
      <smtpServer ref="Configuration/UAT_SMTP_SERVER" />
      <jiraUrl>false</jiraUrl>
      <jiraUsername>false</jiraUsername>
      <jiraPassword>{aes:v0}Q8JsyZ7jRWErK7IQNgpsC86H4W1iz07vWaSc3G2Wwqo=</jiraPassword>
      <requiresJiraTicketForUAT>false</requiresJiraTicketForUAT>
      <requiresJiraTicketForProduction>false</requiresJiraTicketForProduction>
    </udm.Environment>
    <udm.Dictionary id="Environments/UAT_DICT" created-by="admin" created-at="2019-11-19T13:15:17.837+0000" last-modified-by="admin" last-modified-at="2019-11-19T13:15:17.837+0000">
      <restrictToContainers />
      <restrictToApplications />
      <entries>
        <entry key="PETSTORE_SMOKETEST_URL">http://jboss-webapp.192.168.64.132.nip.io/tomcat-sample/hello.jsp</entry>
        <entry key="JBOSS_HOME">/opt/jboss/wildfly</entry>
        <entry key="WINDOWS_SMOKETEST_URL">http://DESKTOP-OU0F15M:8080</entry>
        <entry key="message">Hello UAT ZKB!</entry>
      </entries>
      <encryptedEntries />
    </udm.Dictionary>
  </xl:exported-configuration-items>
</xl:export>
