<?xml version="1.0" encoding="UTF-8"?>
<xl:export xmlns:xl="http://www.xebialabs.com/xl-export">
  <xl:metadata>
    <xl:exported-by>admin</xl:exported-by>
    <xl:exported-at>2019-10-14T08:23:25.598+0000</xl:exported-at>
    <xl:exported-format-version>9.0.5</xl:exported-format-version>
    <xl:encryption-key-fingerprint>75a69783f7141d2adfa359690aeaf03facaa3f7d</xl:encryption-key-fingerprint>
  </xl:metadata>
  <xl:exported-configuration-items exported-root-id="Infrastructure">
    <overthere.SshHost id="Infrastructure/mac" created-by="admin" created-at="2019-10-13T17:29:52.914+0000" last-modified-by="admin" last-modified-at="2019-10-13T17:29:52.914+0000">
      <tags>
        <value>petstore</value>
      </tags>
      <os>UNIX</os>
      <puppetPath>/usr/local/bin</puppetPath>
      <connectionType>INTERACTIVE_SUDO</connectionType>
      <address>192.168.1.20</address>
      <port>22</port>
      <username>root</username>
      <privateKeyFile>/opt/xebialabs/xl-deploy-server/id_rsa</privateKeyFile>
      <sudoUsername>root</sudoUsername>
    </overthere.SshHost>
    <jbossdm.StandaloneServer id="Infrastructure/mac/jboss.192.168.64.35.nip.io" created-by="admin" created-at="2019-10-13T17:29:52.914+0000" last-modified-by="admin" last-modified-at="2019-10-13T17:29:52.914+0000">
      <tags>
        <value>petstore</value>
      </tags>
      <home>/opt/jboss/wildfly</home>
      <port>80</port>
      <enableDaemon>true</enableDaemon>
      <commandExecutionMode>CLI_COMMANDS</commandExecutionMode>
      <adminHostAddress>jboss.192.168.64.35.nip.io</adminHostAddress>
      <username>admin</username>
      <password>{aes:v0}9GLlN7eSB4Tisvm43Ba6oH06wn/EBTnohn/6nJl4/Qw=</password>
      <cliScriptPrefix>jboss-cli</cliScriptPrefix>
    </jbossdm.StandaloneServer>
    <jbossdm.EarModule id="Infrastructure/mac/jboss.192.168.64.35.nip.io/petstore-ear" created-by="admin" created-at="2019-10-13T17:44:48.815+0000" last-modified-by="admin" last-modified-at="2019-10-13T17:53:52.995+0000">
      <deployable ref="Applications/petstore/1.0/petstore-ear" />
      <placeholders />
    </jbossdm.EarModule>
    <jbossdm.WarModule id="Infrastructure/mac/jboss.192.168.64.35.nip.io/tomcat-sample" created-by="admin" created-at="2019-10-13T17:44:48.815+0000" last-modified-by="admin" last-modified-at="2019-10-13T17:53:52.995+0000">
      <deployable ref="Applications/petstore/1.0/tomcat-sample" />
      <placeholders>
        <entry key="message">Hello XebiaLabs, Welcome ZBK!</entry>
      </placeholders>
    </jbossdm.WarModule>
    <jbossdm.StandaloneServer id="Infrastructure/mac/jboss.192.168.64.35.xip.io" created-by="admin" created-at="2019-10-13T17:29:52.914+0000" last-modified-by="admin" last-modified-at="2019-10-13T17:29:52.914+0000">
      <tags>
        <value>petstore</value>
      </tags>
      <home>/opt/jboss/wildfly</home>
      <port>80</port>
      <enableDaemon>true</enableDaemon>
      <commandExecutionMode>CLI_COMMANDS</commandExecutionMode>
      <adminHostAddress>jboss.192.168.64.35.xip.io</adminHostAddress>
      <username>admin</username>
      <password>{aes:v0}zpAy+O30XyDu0UlpfgtVrRT66hcTztgzinD+0VoT48w=</password>
      <cliScriptPrefix>jboss-cli</cliScriptPrefix>
    </jbossdm.StandaloneServer>
    <jbossdm.EarModule id="Infrastructure/mac/jboss.192.168.64.35.xip.io/petstore-ear" created-by="admin" created-at="2019-10-13T17:44:48.815+0000" last-modified-by="admin" last-modified-at="2019-10-13T17:53:52.995+0000">
      <deployable ref="Applications/petstore/1.0/petstore-ear" />
      <placeholders />
    </jbossdm.EarModule>
    <jbossdm.WarModule id="Infrastructure/mac/jboss.192.168.64.35.xip.io/tomcat-sample" created-by="admin" created-at="2019-10-13T17:44:48.815+0000" last-modified-by="admin" last-modified-at="2019-10-13T17:53:52.995+0000">
      <deployable ref="Applications/petstore/1.0/tomcat-sample" />
      <placeholders>
        <entry key="message">Hello XebiaLabs, Welcome ZBK!</entry>
      </placeholders>
    </jbossdm.WarModule>
    <jbossdm.StandaloneServer id="Infrastructure/mac/jboss.local" created-by="admin" created-at="2019-10-13T17:29:52.914+0000" last-modified-by="admin" last-modified-at="2019-10-13T17:29:52.914+0000">
      <tags>
        <value>petstore</value>
      </tags>
      <home>/opt/jboss/wildfly</home>
      <port>9990</port>
      <enableDaemon>true</enableDaemon>
      <commandExecutionMode>CLI_COMMANDS</commandExecutionMode>
      <adminHostAddress>192.168.1.20</adminHostAddress>
      <username>admin</username>
      <password>{aes:v0}20LN5IqiODB7czfGRrfbyarlpKMHi7lsVUbz7FgcLUg=</password>
      <cliScriptPrefix>jboss-cli</cliScriptPrefix>
    </jbossdm.StandaloneServer>
    <jbossdm.EarModule id="Infrastructure/mac/jboss.local/petstore-ear" created-by="admin" created-at="2019-10-13T17:44:48.815+0000" last-modified-by="admin" last-modified-at="2019-10-13T17:53:52.995+0000">
      <deployable ref="Applications/petstore/1.0/petstore-ear" />
      <placeholders />
    </jbossdm.EarModule>
    <jbossdm.WarModule id="Infrastructure/mac/jboss.local/tomcat-sample" created-by="admin" created-at="2019-10-13T17:44:48.815+0000" last-modified-by="admin" last-modified-at="2019-10-13T17:53:52.995+0000">
      <deployable ref="Applications/petstore/1.0/tomcat-sample" />
      <placeholders>
        <entry key="message">Hello XebiaLabs, Welcome ZBK!</entry>
      </placeholders>
    </jbossdm.WarModule>
    <jbossdm.StandaloneServer id="Infrastructure/mac/mac-jboss" created-by="admin" created-at="2019-10-13T17:29:52.914+0000" last-modified-by="admin" last-modified-at="2019-10-13T17:29:52.914+0000">
      <tags>
        <value>petstore</value>
      </tags>
      <home>/opt/jboss/wildfly</home>
      <port>9990</port>
      <enableDaemon>true</enableDaemon>
      <commandExecutionMode>CLI_COMMANDS</commandExecutionMode>
      <adminHostAddress>192.168.1.20</adminHostAddress>
      <username>admin</username>
      <password>{aes:v0}DzpU2GVyhr/pWWWL7IF5U7nfDexmZZDK2tHrYlO1lO0=</password>
      <cliScriptPrefix>jboss-cli</cliScriptPrefix>
    </jbossdm.StandaloneServer>
    <file.DeployedFolder id="Infrastructure/mac/petstore-1.0.zip" created-by="admin" created-at="2019-10-13T17:44:48.815+0000" last-modified-by="admin" last-modified-at="2019-10-13T17:53:52.995+0000">
      <deployable ref="Applications/petstore/1.0/petstore-1.0.zip" />
      <placeholders />
      <targetPath>/u01/app/ebanking</targetPath>
      <targetPathShared>true</targetPathShared>
      <createTargetPath>true</createTargetPath>
    </file.DeployedFolder>
  </xl:exported-configuration-items>
</xl:export>
