<?xml version="1.0" encoding="UTF-8"?>
<xl:export xmlns:xl="http://www.xebialabs.com/xl-export">
  <xl:metadata>
    <xl:exported-by>admin</xl:exported-by>
    <xl:exported-at>2019-10-10T14:33:39.100+0000</xl:exported-at>
    <xl:exported-format-version>9.0.5</xl:exported-format-version>
    <xl:encryption-key-fingerprint>75a69783f7141d2adfa359690aeaf03facaa3f7d</xl:encryption-key-fingerprint>
  </xl:metadata>
  <xl:exported-configuration-items exported-root-id="Infrastructure">
    <overthere.SshHost id="Infrastructure/mac" created-by="admin" created-at="2019-10-10T14:31:21.415+0000" last-modified-by="admin" last-modified-at="2019-10-10T14:31:21.415+0000">
      <tags>
        <value>petstore</value>
      </tags>
      <os>UNIX</os>
      <puppetPath>/usr/local/bin</puppetPath>
      <connectionType>INTERACTIVE_SUDO</connectionType>
      <address>192.168.0.38</address>
      <port>22</port>
      <username>root</username>
      <privateKeyFile>/opt/xebialabs/xl-deploy-server/id_rsa</privateKeyFile>
      <sudoUsername>root</sudoUsername>
    </overthere.SshHost>
    <jbossdm.StandaloneServer id="Infrastructure/mac/jboss.192.168.64.35.nip.io" created-by="admin" created-at="2019-10-10T14:31:21.415+0000" last-modified-by="admin" last-modified-at="2019-10-10T14:31:21.415+0000">
      <tags>
        <value>petstore</value>
      </tags>
      <home>/opt/jboss/wildfly</home>
      <port>80</port>
      <enableDaemon>true</enableDaemon>
      <commandExecutionMode>CLI_COMMANDS</commandExecutionMode>
      <adminHostAddress>jboss.192.168.64.35.nip.io</adminHostAddress>
      <username>admin</username>
      <password>{aes:v0}ns9nLU+QtwWXbNWPUrKBAy0PmIY4zXAKnfa/yXcR0qM=</password>
      <cliScriptPrefix>jboss-cli</cliScriptPrefix>
    </jbossdm.StandaloneServer>
    <jbossdm.StandaloneServer id="Infrastructure/mac/jboss.192.168.64.35.xip.io" created-by="admin" created-at="2019-10-10T14:31:21.415+0000" last-modified-by="admin" last-modified-at="2019-10-10T14:31:21.415+0000">
      <tags>
        <value>petstore</value>
      </tags>
      <home>/opt/jboss/wildfly</home>
      <port>80</port>
      <enableDaemon>true</enableDaemon>
      <commandExecutionMode>CLI_COMMANDS</commandExecutionMode>
      <adminHostAddress>jboss.192.168.64.35.xip.io</adminHostAddress>
      <username>admin</username>
      <password>{aes:v0}2Um5z8M6LjsoXXXOke2FIMqBdBfqH2gq2r0GlSiQg94=</password>
      <cliScriptPrefix>jboss-cli</cliScriptPrefix>
    </jbossdm.StandaloneServer>
    <jbossdm.StandaloneServer id="Infrastructure/mac/jboss.local" created-by="admin" created-at="2019-10-10T14:31:21.415+0000" last-modified-by="admin" last-modified-at="2019-10-10T14:31:21.415+0000">
      <tags>
        <value>petstore</value>
      </tags>
      <home>/opt/jboss/wildfly</home>
      <port>9990</port>
      <enableDaemon>true</enableDaemon>
      <commandExecutionMode>CLI_COMMANDS</commandExecutionMode>
      <adminHostAddress>192.168.0.38</adminHostAddress>
      <username>admin</username>
      <password>{aes:v0}Fbfxw3sPZzSqmhZ6+LGLVO4FFK6l70QWEyA05t0UzL4=</password>
      <cliScriptPrefix>jboss-cli</cliScriptPrefix>
    </jbossdm.StandaloneServer>
    <jbossdm.StandaloneServer id="Infrastructure/mac/mac-jboss" created-by="admin" created-at="2019-10-10T14:31:21.415+0000" last-modified-by="admin" last-modified-at="2019-10-10T14:31:21.415+0000">
      <tags>
        <value>petstore</value>
      </tags>
      <home>/opt/jboss/wildfly</home>
      <port>9990</port>
      <enableDaemon>true</enableDaemon>
      <commandExecutionMode>CLI_COMMANDS</commandExecutionMode>
      <adminHostAddress>192.168.0.38</adminHostAddress>
      <username>admin</username>
      <password>{aes:v0}Np6QxdvR5h27F3VXS4PzwLDGVCZRCPqQtmqWBCecJIA=</password>
      <cliScriptPrefix>jboss-cli</cliScriptPrefix>
    </jbossdm.StandaloneServer>
  </xl:exported-configuration-items>
</xl:export>
