<?xml version="1.0" encoding="UTF-8"?>
<xl:export xmlns:xl="http://www.xebialabs.com/xl-export">
  <xl:metadata>
    <xl:exported-by>admin</xl:exported-by>
    <xl:exported-at>2019-11-19T13:57:27.106+0000</xl:exported-at>
    <xl:exported-format-version>9.0.5</xl:exported-format-version>
    <xl:encryption-key-fingerprint>75a69783f7141d2adfa359690aeaf03facaa3f7d</xl:encryption-key-fingerprint>
  </xl:metadata>
  <xl:exported-configuration-items exported-root-id="Applications">
    <udm.Application id="Applications/kitchensink" created-by="admin" created-at="2019-11-19T13:17:44.832+0000" last-modified-by="admin" last-modified-at="2019-11-19T13:17:44.832+0000">
      <lastVersion>1.1</lastVersion>
      <pipeline ref="Configuration/CD-PIPELINE" />
    </udm.Application>
    <udm.Application id="Applications/kitchensink-maven-import" created-by="admin" created-at="2019-11-19T13:18:55.429+0000" last-modified-by="admin" last-modified-at="2019-11-19T13:18:55.455+0000">
      <lastVersion>1.1</lastVersion>
    </udm.Application>
    <udm.DeploymentPackage id="Applications/kitchensink-maven-import/1.1" created-by="admin" created-at="2019-11-19T13:18:55.429+0000" last-modified-by="admin" last-modified-at="2019-11-19T13:18:55.429+0000">
      <orchestrator>
        <value>parallel-by-container</value>
      </orchestrator>
      <satisfiesJiraTicketForUAT>jira-1</satisfiesJiraTicketForUAT>
      <applicationDependencies />
      <dependencyResolution>LATEST</dependencyResolution>
      <undeployDependencies>false</undeployDependencies>
      <boundTemplates />
    </udm.DeploymentPackage>
    <jbossdm.Ear id="Applications/kitchensink-maven-import/1.1/kitchensink-maven-import-1.1" created-by="admin" created-at="2019-11-19T13:18:55.429+0000" last-modified-by="admin" last-modified-at="2019-11-19T13:18:55.429+0000">
      <tags>
        <value>petstore</value>
        <value>kitchensink</value>
        <value>kitchensink-maven-import</value>
        <value>uat</value>
      </tags>
      <scanPlaceholders>true</scanPlaceholders>
      <preScannedPlaceholders>false</preScannedPlaceholders>
      <placeholders />
      <checksum>b1fa974662b385e95971622f22cc9a5c17670697</checksum>
      <fileUri>http://www.filekeys.com/kitchensink-ear.ear</fileUri>
    </jbossdm.Ear>
    <udm.DeploymentPackage id="Applications/kitchensink/1.1" created-by="admin" created-at="2019-11-19T13:17:44.832+0000" last-modified-by="admin" last-modified-at="2019-11-19T13:17:44.832+0000">
      <orchestrator>
        <value>parallel-by-container</value>
      </orchestrator>
      <satisfiesJiraTicketForUAT>jira-1</satisfiesJiraTicketForUAT>
      <applicationDependencies />
      <dependencyResolution>LATEST</dependencyResolution>
      <undeployDependencies>false</undeployDependencies>
      <boundTemplates />
    </udm.DeploymentPackage>
    <jbossdm.Ear id="Applications/kitchensink/1.1/kitchensink-1.1" created-by="admin" created-at="2019-11-19T13:17:44.832+0000" last-modified-by="admin" last-modified-at="2019-11-19T13:17:44.832+0000">
      <tags>
        <value>petstore</value>
        <value>kitchensink</value>
        <value>uat</value>
      </tags>
      <scanPlaceholders>true</scanPlaceholders>
      <preScannedPlaceholders>false</preScannedPlaceholders>
      <placeholders />
      <checksum>b1fa974662b385e95971622f22cc9a5c17670697</checksum>
      <fileUri>http://www.filekeys.com/kitchensink-ear.ear</fileUri>
    </jbossdm.Ear>
    <udm.Application id="Applications/petstore" created-by="admin" created-at="2019-11-19T13:17:44.832+0000" last-modified-by="admin" last-modified-at="2019-11-19T13:17:44.832+0000">
      <lastVersion>5.0</lastVersion>
      <pipeline ref="Configuration/CD-PIPELINE" />
    </udm.Application>
    <udm.Application id="Applications/petstore-maven-import" created-by="admin" created-at="2019-11-19T13:18:46.252+0000" last-modified-by="admin" last-modified-at="2019-11-19T13:18:46.278+0000">
      <lastVersion>1.1</lastVersion>
    </udm.Application>
    <udm.DeploymentPackage id="Applications/petstore-maven-import/1.1" created-by="admin" created-at="2019-11-19T13:18:46.252+0000" last-modified-by="admin" last-modified-at="2019-11-19T13:18:46.252+0000">
      <orchestrator>
        <value>parallel-by-container</value>
      </orchestrator>
      <satisfiesJiraTicketForUAT>jira-1</satisfiesJiraTicketForUAT>
      <applicationDependencies />
      <dependencyResolution>LATEST</dependencyResolution>
      <undeployDependencies>false</undeployDependencies>
      <boundTemplates />
    </udm.DeploymentPackage>
    <file.Folder id="Applications/petstore-maven-import/1.1/petstore-maven-import-1.1.zip" created-by="admin" created-at="2019-11-19T13:18:46.252+0000" last-modified-by="admin" last-modified-at="2019-11-19T13:18:46.252+0000">
      <tags>
        <value>petstore</value>
        <value>petstore-maven-import</value>
        <value>uat</value>
      </tags>
      <scanPlaceholders>true</scanPlaceholders>
      <preScannedPlaceholders>false</preScannedPlaceholders>
      <placeholders />
      <checksum>446f798dbd88ca7a8707ce307d0edca930f0f70b</checksum>
      <fileUri>http://www.filekeys.com/petstore-1_3_1_02.zip</fileUri>
      <targetPath>/Users/applications/</targetPath>
      <createTargetPath>true</createTargetPath>
    </file.Folder>
    <udm.DeploymentPackage id="Applications/petstore/1.0" created-by="admin" created-at="2019-11-19T13:17:44.832+0000" last-modified-by="admin" last-modified-at="2019-11-19T13:17:44.832+0000">
      <orchestrator>
        <value>parallel-by-container</value>
      </orchestrator>
      <applicationDependencies />
      <dependencyResolution>LATEST</dependencyResolution>
      <undeployDependencies>false</undeployDependencies>
      <boundTemplates />
    </udm.DeploymentPackage>
    <file.Folder id="Applications/petstore/1.0/petstore-1.0.zip" created-by="admin" created-at="2019-11-19T13:17:44.832+0000" last-modified-by="admin" last-modified-at="2019-11-19T13:17:44.832+0000">
      <tags>
        <value>petstore</value>
      </tags>
      <scanPlaceholders>true</scanPlaceholders>
      <preScannedPlaceholders>false</preScannedPlaceholders>
      <placeholders />
      <checksum>446f798dbd88ca7a8707ce307d0edca930f0f70b</checksum>
      <fileUri>http://www.filekeys.com/petstore-1_3_1_02.zip</fileUri>
      <targetPath>/u01/app/ebanking</targetPath>
      <createTargetPath>true</createTargetPath>
    </file.Folder>
    <jbossdm.Ear id="Applications/petstore/1.0/petstore-ear" created-by="admin" created-at="2019-11-19T13:17:44.832+0000" last-modified-by="admin" last-modified-at="2019-11-19T13:17:44.832+0000" file="Applications/petstore/1.0/petstore-ear/petstore.ear">
      <tags>
        <value>petstore</value>
      </tags>
      <scanPlaceholders>true</scanPlaceholders>
      <preScannedPlaceholders>true</preScannedPlaceholders>
      <placeholders />
      <checksum>654eb9625e8488dfd58b92d595d1f0a4e2470926</checksum>
      <fileUri>internal:petstore.ear</fileUri>
    </jbossdm.Ear>
    <jee.War id="Applications/petstore/1.0/tomcat-sample" created-by="admin" created-at="2019-11-19T13:17:44.832+0000" last-modified-by="admin" last-modified-at="2019-11-19T13:17:44.832+0000" file="Applications/petstore/1.0/tomcat-sample/sample.war">
      <tags>
        <value>petstore</value>
      </tags>
      <scanPlaceholders>true</scanPlaceholders>
      <preScannedPlaceholders>false</preScannedPlaceholders>
      <placeholders>
        <value>message</value>
      </placeholders>
      <checksum>80f5053b166c69d81697ba21113c673f8372aca0</checksum>
      <fileUri>internal:sample.war</fileUri>
    </jee.War>
    <udm.DeploymentPackage id="Applications/petstore/1.1" created-by="admin" created-at="2019-11-19T13:17:44.832+0000" last-modified-by="admin" last-modified-at="2019-11-19T13:17:44.832+0000">
      <orchestrator>
        <value>parallel-by-container</value>
      </orchestrator>
      <satisfiesJiraTicketForUAT>jira-1</satisfiesJiraTicketForUAT>
      <applicationDependencies />
      <dependencyResolution>LATEST</dependencyResolution>
      <undeployDependencies>false</undeployDependencies>
      <boundTemplates />
    </udm.DeploymentPackage>
    <file.Folder id="Applications/petstore/1.1/petstore-1.1.zip" created-by="admin" created-at="2019-11-19T13:17:44.832+0000" last-modified-by="admin" last-modified-at="2019-11-19T13:17:44.832+0000">
      <tags>
        <value>petstore</value>
        <value>uat</value>
      </tags>
      <scanPlaceholders>true</scanPlaceholders>
      <preScannedPlaceholders>false</preScannedPlaceholders>
      <placeholders />
      <checksum>446f798dbd88ca7a8707ce307d0edca930f0f70b</checksum>
      <fileUri>http://www.filekeys.com/petstore-1_3_1_02.zip</fileUri>
      <targetPath>/tmp</targetPath>
      <createTargetPath>true</createTargetPath>
    </file.Folder>
    <udm.DeploymentPackage id="Applications/petstore/2.0" created-by="admin" created-at="2019-11-19T13:17:44.832+0000" last-modified-by="admin" last-modified-at="2019-11-19T13:17:44.832+0000">
      <orchestrator>
        <value>parallel-by-container</value>
      </orchestrator>
      <applicationDependencies />
      <dependencyResolution>LATEST</dependencyResolution>
      <undeployDependencies>false</undeployDependencies>
      <boundTemplates />
    </udm.DeploymentPackage>
    <file.Folder id="Applications/petstore/2.0/petstore-2.0.zip" created-by="admin" created-at="2019-11-19T13:17:44.832+0000" last-modified-by="admin" last-modified-at="2019-11-19T13:17:44.832+0000">
      <tags>
        <value>petstore</value>
      </tags>
      <scanPlaceholders>true</scanPlaceholders>
      <preScannedPlaceholders>false</preScannedPlaceholders>
      <placeholders />
      <checksum>446f798dbd88ca7a8707ce307d0edca930f0f70b</checksum>
      <fileUri>http://www.filekeys.com/petstore-1_3_1_02.zip</fileUri>
      <targetPath>/u01/app/ebanking</targetPath>
      <createTargetPath>true</createTargetPath>
    </file.Folder>
    <udm.DeploymentPackage id="Applications/petstore/5.0" created-by="admin" created-at="2019-11-19T13:17:44.832+0000" last-modified-by="admin" last-modified-at="2019-11-19T13:17:44.832+0000">
      <orchestrator>
        <value>parallel-by-container</value>
      </orchestrator>
      <applicationDependencies />
      <dependencyResolution>LATEST</dependencyResolution>
      <undeployDependencies>false</undeployDependencies>
      <boundTemplates />
    </udm.DeploymentPackage>
    <file.Folder id="Applications/petstore/5.0/petstore-5.0.zip" created-by="admin" created-at="2019-11-19T13:17:44.832+0000" last-modified-by="admin" last-modified-at="2019-11-19T13:17:44.832+0000">
      <tags>
        <value>petstore</value>
      </tags>
      <scanPlaceholders>true</scanPlaceholders>
      <preScannedPlaceholders>false</preScannedPlaceholders>
      <placeholders />
      <checksum>446f798dbd88ca7a8707ce307d0edca930f0f70b</checksum>
      <fileUri>http://www.filekeys.com/petstore-1_3_1_02.zip</fileUri>
      <targetPath>/tmp</targetPath>
      <createTargetPath>true</createTargetPath>
    </file.Folder>
    <udm.Application id="Applications/sugar-hello-world-rpm" created-by="admin" created-at="2019-11-19T13:19:02.649+0000" last-modified-by="admin" last-modified-at="2019-11-19T13:19:02.666+0000">
      <lastVersion>1.1</lastVersion>
    </udm.Application>
    <udm.DeploymentPackage id="Applications/sugar-hello-world-rpm/1.1" created-by="admin" created-at="2019-11-19T13:19:02.649+0000" last-modified-by="admin" last-modified-at="2019-11-19T13:19:02.649+0000">
      <orchestrator>
        <value>parallel-by-container</value>
      </orchestrator>
      <satisfiesJiraTicketForUAT>jira-1</satisfiesJiraTicketForUAT>
      <applicationDependencies />
      <dependencyResolution>LATEST</dependencyResolution>
      <undeployDependencies>false</undeployDependencies>
      <boundTemplates />
    </udm.DeploymentPackage>
    <file.Folder id="Applications/sugar-hello-world-rpm/1.1/sugar-hello-world-rpm-1.1.zip" created-by="admin" created-at="2019-11-19T13:19:02.649+0000" last-modified-by="admin" last-modified-at="2019-11-19T13:19:02.649+0000">
      <tags>
        <value>sugar-hello-world-rpm</value>
        <value>petstore</value>
        <value>uat</value>
      </tags>
      <scanPlaceholders>true</scanPlaceholders>
      <preScannedPlaceholders>false</preScannedPlaceholders>
      <placeholders />
      <checksum>29c2f2e4b2adbc2d5dab7394d6b542e51f91ea4b</checksum>
      <fileUri>http://www.filekeys.com/sugar-hello-world.zip</fileUri>
      <targetPath>/Users/applications/</targetPath>
      <createTargetPath>true</createTargetPath>
    </file.Folder>
    <udm.Application id="Applications/windows-webform" created-by="admin" created-at="2019-11-19T13:17:59.219+0000" last-modified-by="admin" last-modified-at="2019-11-19T13:17:59.254+0000">
      <lastVersion>1.1</lastVersion>
    </udm.Application>
    <udm.DeploymentPackage id="Applications/windows-webform/1.1" created-by="admin" created-at="2019-11-19T13:17:59.219+0000" last-modified-by="admin" last-modified-at="2019-11-19T13:17:59.219+0000">
      <orchestrator>
        <value>parallel-by-container</value>
      </orchestrator>
      <satisfiesJiraTicketForUAT>jira-1</satisfiesJiraTicketForUAT>
      <applicationDependencies />
      <dependencyResolution>LATEST</dependencyResolution>
      <undeployDependencies>false</undeployDependencies>
      <boundTemplates />
    </udm.DeploymentPackage>
    <file.Archive id="Applications/windows-webform/1.1/windows-webform-1.1.zip" created-by="admin" created-at="2019-11-19T13:17:59.219+0000" last-modified-by="admin" last-modified-at="2019-11-19T13:17:59.219+0000">
      <tags>
        <value>windows-webform</value>
        <value>uat</value>
      </tags>
      <scanPlaceholders>true</scanPlaceholders>
      <preScannedPlaceholders>false</preScannedPlaceholders>
      <placeholders />
      <checksum>b4035d67581aee2629f0f75a4c873820cba571d6</checksum>
      <fileUri>http://www.filekeys.com/ZKBPoCWindows1.zip</fileUri>
      <targetPath>C:\inetpub\wwwroot</targetPath>
      <createTargetPath>true</createTargetPath>
      <targetFileName>ZKBPoC.zip</targetFileName>
    </file.Archive>
  </xl:exported-configuration-items>
</xl:export>
