<?xml version="1.0" encoding="UTF-8"?>
<xl:export xmlns:xl="http://www.xebialabs.com/xl-export">
  <xl:metadata>
    <xl:exported-by>admin</xl:exported-by>
    <xl:exported-at>2019-10-02T21:37:44.141+0000</xl:exported-at>
    <xl:exported-format-version>9.0.5</xl:exported-format-version>
    <xl:encryption-key-fingerprint>75a69783f7141d2adfa359690aeaf03facaa3f7d</xl:encryption-key-fingerprint>
  </xl:metadata>
  <xl:exported-configuration-items exported-root-id="Infrastructure">
    <overthere.SshHost id="Infrastructure/mac" created-by="admin" created-at="2019-10-02T21:02:54.142+0000" last-modified-by="admin" last-modified-at="2019-10-02T21:02:54.142+0000">
      <tags>
        <value>petstore</value>
      </tags>
      <os>UNIX</os>
      <puppetPath>/usr/local/bin</puppetPath>
      <connectionType>INTERACTIVE_SUDO</connectionType>
      <address>10.72.5.103</address>
      <port>22</port>
      <username>root</username>
      <privateKeyFile>/opt/xebialabs/xl-deploy-server/id_rsa</privateKeyFile>
      <sudoUsername>root</sudoUsername>
    </overthere.SshHost>
    <jbossdm.StandaloneServer id="Infrastructure/mac/mac-jboss" created-by="admin" created-at="2019-10-02T21:35:10.919+0000" last-modified-by="admin" last-modified-at="2019-10-02T21:37:29.838+0000">
      <tags>
        <value>petstore</value>
      </tags>
      <home>/opt/jboss</home>
      <port>9990</port>
      <enableDaemon>true</enableDaemon>
      <commandExecutionMode>CLI_COMMANDS</commandExecutionMode>
      <adminHostAddress>10.72.5.103</adminHostAddress>
      <username>admin</username>
      <password>{aes:v0}wRfcdDpL788X6jeD9N2tfCL+WowmYz8NuxXXMIea7hg=</password>
      <cliScriptPrefix>jboss-cli</cliScriptPrefix>
    </jbossdm.StandaloneServer>
    <file.DeployedFolder id="Infrastructure/mac/petstore-1.0.zip" created-by="admin" created-at="2019-10-02T21:03:50.208+0000" last-modified-by="admin" last-modified-at="2019-10-02T21:03:50.208+0000">
      <deployable ref="Applications/petstore/1.0/petstore-1.0.zip" />
      <placeholders />
      <targetPath>/u01/app/ebanking</targetPath>
      <targetPathShared>true</targetPathShared>
      <createTargetPath>true</createTargetPath>
    </file.DeployedFolder>
  </xl:exported-configuration-items>
</xl:export>
