<?xml version="1.0" encoding="UTF-8"?>
<xl:export xmlns:xl="http://www.xebialabs.com/xl-export">
  <xl:metadata>
    <xl:exported-by>admin</xl:exported-by>
    <xl:exported-at>2019-10-14T08:23:24.252+0000</xl:exported-at>
    <xl:exported-format-version>9.0.5</xl:exported-format-version>
    <xl:encryption-key-fingerprint>75a69783f7141d2adfa359690aeaf03facaa3f7d</xl:encryption-key-fingerprint>
  </xl:metadata>
  <xl:exported-configuration-items exported-root-id="Environments">
    <udm.Environment id="Environments/UAT" created-by="admin" created-at="2019-10-13T17:29:52.914+0000" last-modified-by="admin" last-modified-at="2019-10-13T17:29:52.914+0000">
      <members>
        <ci ref="Infrastructure/mac/jboss.local" />
        <ci ref="Infrastructure/mac/jboss.192.168.64.35.nip.io" />
        <ci ref="Infrastructure/mac/jboss.192.168.64.35.xip.io" />
        <ci ref="Infrastructure/mac" />
      </members>
      <dictionaries>
        <ci ref="Environments/UAT_DICT" />
      </dictionaries>
      <triggers />
      <smtpServer ref="Configuration/UAT_SMTP_SERVER" />
    </udm.Environment>
    <udm.DeployedApplication id="Environments/UAT/petstore" created-by="admin" created-at="2019-10-13T17:44:48.815+0000" last-modified-by="admin" last-modified-at="2019-10-13T17:53:52.995+0000">
      <version ref="Applications/petstore/1.0" />
      <deployeds>
        <ci ref="Infrastructure/mac/petstore-1.0.zip" />
        <ci ref="Infrastructure/mac/jboss.192.168.64.35.nip.io/tomcat-sample" />
        <ci ref="Infrastructure/mac/jboss.local/tomcat-sample" />
        <ci ref="Infrastructure/mac/jboss.192.168.64.35.xip.io/tomcat-sample" />
        <ci ref="Infrastructure/mac/jboss.local/petstore-ear" />
        <ci ref="Infrastructure/mac/jboss.192.168.64.35.nip.io/petstore-ear" />
        <ci ref="Infrastructure/mac/jboss.192.168.64.35.xip.io/petstore-ear" />
      </deployeds>
      <orchestrator>
        <value>parallel-by-container</value>
      </orchestrator>
      <optimizePlan>true</optimizePlan>
      <boundConfigurationItems />
      <unresolvedPlaceholders />
      <undeployDependencies>false</undeployDependencies>
      <onSuccessPolicy>NOOP</onSuccessPolicy>
    </udm.DeployedApplication>
    <udm.Dictionary id="Environments/UAT_DICT" created-by="admin" created-at="2019-10-13T17:29:52.914+0000" last-modified-by="admin" last-modified-at="2019-10-13T17:52:02.723+0000">
      <restrictToContainers />
      <restrictToApplications />
      <entries>
        <entry key="JBOSS_HOME">/opt/jboss/wildfly</entry>
        <entry key="message">Hello XebiaLabs, Welcome ZBK!</entry>
      </entries>
      <encryptedEntries />
    </udm.Dictionary>
  </xl:exported-configuration-items>
</xl:export>
