<?xml version="1.0" encoding="UTF-8"?>
<xl:export xmlns:xl="http://www.xebialabs.com/xl-export">
  <xl:metadata>
    <xl:exported-by>admin</xl:exported-by>
    <xl:exported-at>2019-11-20T20:46:36.849+0000</xl:exported-at>
    <xl:exported-format-version>9.0.5</xl:exported-format-version>
    <xl:encryption-key-fingerprint>75a69783f7141d2adfa359690aeaf03facaa3f7d</xl:encryption-key-fingerprint>
  </xl:metadata>
  <xl:exported-configuration-items exported-root-id="Infrastructure">
    <overthere.CifsHost id="Infrastructure/Windows10Cifs" created-by="admin" created-at="2019-11-20T19:31:32.254+0000" last-modified-by="admin" last-modified-at="2019-11-20T19:31:32.254+0000">
      <tags>
        <value>windows-webform</value>
      </tags>
      <puppetPath>/usr/local/bin</puppetPath>
      <os>WINDOWS</os>
      <connectionType>WINRM_INTERNAL</connectionType>
      <address>DESKTOP-OU0F15M</address>
      <username>Administrator</username>
      <password>{aes:v0}XJzi2Ak9Zk3amfZjrmM8iwF05At7FNt2/miceMaafiM=</password>
      <winrmEnableHttps>false</winrmEnableHttps>
      <winrsAllowDelegate>false</winrsAllowDelegate>
      <pathShareMappings />
      <cifsPort>445</cifsPort>
    </overthere.CifsHost>
    <overthere.SshHost id="Infrastructure/mac-1" created-by="admin" created-at="2019-11-20T19:31:32.254+0000" last-modified-by="admin" last-modified-at="2019-11-20T19:31:32.254+0000">
      <tags>
        <value>petstore</value>
      </tags>
      <os>UNIX</os>
      <puppetPath>/usr/local/bin</puppetPath>
      <connectionType>INTERACTIVE_SUDO</connectionType>
      <address>192.168.1.206</address>
      <port>22</port>
      <username>root</username>
      <privateKeyFile>/opt/xebialabs/xl-deploy-server/id_rsa</privateKeyFile>
      <sudoUsername>root</sudoUsername>
    </overthere.SshHost>
    <jbossdm.StandaloneServer id="Infrastructure/mac-1/jboss.192.168.64.133.nip.io" created-by="admin" created-at="2019-11-20T19:31:32.254+0000" last-modified-by="admin" last-modified-at="2019-11-20T19:31:32.254+0000">
      <tags>
        <value>petstore</value>
      </tags>
      <home>/opt/jboss/wildfly</home>
      <port>80</port>
      <enableDaemon>true</enableDaemon>
      <commandExecutionMode>CLI_COMMANDS</commandExecutionMode>
      <adminHostAddress>jboss.192.168.64.133.nip.io</adminHostAddress>
      <username>admin</username>
      <password>{aes:v0}ii3yUbyVHqbiDGA7kLQ14fpIej4OCq/Kylur0tohlq0=</password>
      <cliScriptPrefix>jboss-cli</cliScriptPrefix>
    </jbossdm.StandaloneServer>
    <jbossdm.StandaloneServer id="Infrastructure/mac-1/jboss.192.168.64.133.xip.io" created-by="admin" created-at="2019-11-20T19:31:32.254+0000" last-modified-by="admin" last-modified-at="2019-11-20T19:31:32.254+0000">
      <tags>
        <value>petstore</value>
      </tags>
      <home>/opt/jboss/wildfly</home>
      <port>80</port>
      <enableDaemon>true</enableDaemon>
      <commandExecutionMode>CLI_COMMANDS</commandExecutionMode>
      <adminHostAddress>jboss.192.168.64.133.xip.io</adminHostAddress>
      <username>admin</username>
      <password>{aes:v0}x4opLnlYmwoOtgcLZijC9Usl/B03MdcNkYKZCD3+4TQ=</password>
      <cliScriptPrefix>jboss-cli</cliScriptPrefix>
    </jbossdm.StandaloneServer>
    <jbossdm.StandaloneServer id="Infrastructure/mac-1/jboss.local" created-by="admin" created-at="2019-11-20T19:31:32.254+0000" last-modified-by="admin" last-modified-at="2019-11-20T19:31:32.254+0000">
      <tags>
        <value>petstore</value>
      </tags>
      <home>/opt/jboss/wildfly</home>
      <port>9990</port>
      <enableDaemon>true</enableDaemon>
      <commandExecutionMode>CLI_COMMANDS</commandExecutionMode>
      <adminHostAddress>192.168.1.20</adminHostAddress>
      <username>admin</username>
      <password>{aes:v0}gF0aoNMwapZciIKe5X2YO5rzlIL8X2hFTMuw0HrWsdo=</password>
      <cliScriptPrefix>jboss-cli</cliScriptPrefix>
    </jbossdm.StandaloneServer>
    <jbossdm.StandaloneServer id="Infrastructure/mac-1/mac-jboss" created-by="admin" created-at="2019-11-20T19:31:32.254+0000" last-modified-by="admin" last-modified-at="2019-11-20T19:31:32.254+0000">
      <tags>
        <value>petstore</value>
      </tags>
      <home>/opt/jboss/wildfly</home>
      <port>9990</port>
      <enableDaemon>true</enableDaemon>
      <commandExecutionMode>CLI_COMMANDS</commandExecutionMode>
      <adminHostAddress>192.168.1.206</adminHostAddress>
      <username>admin</username>
      <password>{aes:v0}fR0Z36Tp3K779XvXcq5ryXpDMoT7ETnellURDAKxaNU=</password>
      <cliScriptPrefix>jboss-cli</cliScriptPrefix>
    </jbossdm.StandaloneServer>
    <tomcat.Server id="Infrastructure/mac-1/tomcat" created-by="admin" created-at="2019-11-20T20:44:23.359+0000" last-modified-by="admin" last-modified-at="2019-11-20T20:44:23.359+0000">
      <tags>
        <value>tomcat</value>
        <value>web</value>
      </tags>
      <envVars />
      <home>/usr/local/tomcat</home>
      <startCommand>/usr/local/tomcat/bin/startup.sh</startCommand>
      <stopCommand>/usr/local/tomcat/bin/shutdown.sh</stopCommand>
      <startWaitTime>0</startWaitTime>
      <stopWaitTime>0</stopWaitTime>
    </tomcat.Server>
    <tomcat.VirtualHost id="Infrastructure/mac-1/tomcat/tomcat-virtualhost" created-by="admin" created-at="2019-11-20T20:45:08.458+0000" last-modified-by="admin" last-modified-at="2019-11-20T20:45:08.458+0000">
      <tags>
        <value>tomcat</value>
        <value>web</value>
      </tags>
      <envVars />
      <appBase>webapps</appBase>
      <hostName>localhost</hostName>
    </tomcat.VirtualHost>
    <overthere.SshHost id="Infrastructure/mac-2" created-by="admin" created-at="2019-11-20T19:31:32.254+0000" last-modified-by="admin" last-modified-at="2019-11-20T19:31:32.254+0000">
      <tags>
        <value>petstore</value>
      </tags>
      <os>UNIX</os>
      <puppetPath>/usr/local/bin</puppetPath>
      <connectionType>INTERACTIVE_SUDO</connectionType>
      <address>192.168.1.206</address>
      <port>22</port>
      <username>root</username>
      <privateKeyFile>/opt/xebialabs/xl-deploy-server/id_rsa</privateKeyFile>
      <sudoUsername>root</sudoUsername>
    </overthere.SshHost>
    <jbossdm.StandaloneServer id="Infrastructure/mac-2/jboss.192.168.64.133.nip.io" created-by="admin" created-at="2019-11-20T19:31:32.254+0000" last-modified-by="admin" last-modified-at="2019-11-20T19:31:32.254+0000">
      <tags>
        <value>petstore</value>
      </tags>
      <home>/opt/jboss/wildfly</home>
      <port>80</port>
      <enableDaemon>true</enableDaemon>
      <commandExecutionMode>CLI_COMMANDS</commandExecutionMode>
      <adminHostAddress>jboss.192.168.64.133.nip.io</adminHostAddress>
      <username>admin</username>
      <password>{aes:v0}Qh53Hf70Lu5vwbfH7RDfYdqmg+EmjnXiONF6CdI5X90=</password>
      <cliScriptPrefix>jboss-cli</cliScriptPrefix>
    </jbossdm.StandaloneServer>
    <jbossdm.StandaloneServer id="Infrastructure/mac-2/jboss.192.168.64.133.xip.io" created-by="admin" created-at="2019-11-20T19:31:32.254+0000" last-modified-by="admin" last-modified-at="2019-11-20T19:31:32.254+0000">
      <tags>
        <value>petstore</value>
      </tags>
      <home>/opt/jboss/wildfly</home>
      <port>80</port>
      <enableDaemon>true</enableDaemon>
      <commandExecutionMode>CLI_COMMANDS</commandExecutionMode>
      <adminHostAddress>jboss.192.168.64.133.xip.io</adminHostAddress>
      <username>admin</username>
      <password>{aes:v0}KVuTPvjC2OKopKI2kJWWG6QDs0LVT9UnUJPLKQaHUbI=</password>
      <cliScriptPrefix>jboss-cli</cliScriptPrefix>
    </jbossdm.StandaloneServer>
    <jbossdm.StandaloneServer id="Infrastructure/mac-2/jboss.local" created-by="admin" created-at="2019-11-20T19:31:32.254+0000" last-modified-by="admin" last-modified-at="2019-11-20T19:31:32.254+0000">
      <tags>
        <value>petstore</value>
      </tags>
      <home>/opt/jboss/wildfly</home>
      <port>9990</port>
      <enableDaemon>true</enableDaemon>
      <commandExecutionMode>CLI_COMMANDS</commandExecutionMode>
      <adminHostAddress>192.168.1.20</adminHostAddress>
      <username>admin</username>
      <password>{aes:v0}NQrxjpP7Bzo60zo5MxhWP8MnNABe9egGjaaxDdgaMLE=</password>
      <cliScriptPrefix>jboss-cli</cliScriptPrefix>
    </jbossdm.StandaloneServer>
    <jbossdm.StandaloneServer id="Infrastructure/mac-2/mac-jboss" created-by="admin" created-at="2019-11-20T19:31:32.254+0000" last-modified-by="admin" last-modified-at="2019-11-20T19:31:32.254+0000">
      <tags>
        <value>petstore</value>
      </tags>
      <home>/opt/jboss/wildfly</home>
      <port>9990</port>
      <enableDaemon>true</enableDaemon>
      <commandExecutionMode>CLI_COMMANDS</commandExecutionMode>
      <adminHostAddress>192.168.1.206</adminHostAddress>
      <username>admin</username>
      <password>{aes:v0}Vg/P/p5W6W4Iud94rlA8U5F+MHO8A+4cjaz5GWVFldU=</password>
      <cliScriptPrefix>jboss-cli</cliScriptPrefix>
    </jbossdm.StandaloneServer>
  </xl:exported-configuration-items>
</xl:export>
