<?xml version="1.0" encoding="UTF-8"?>
<xl:export xmlns:xl="http://www.xebialabs.com/xl-export">
  <xl:metadata>
    <xl:exported-by>admin</xl:exported-by>
    <xl:exported-at>2019-10-20T20:35:43.686+0000</xl:exported-at>
    <xl:exported-format-version>9.0.5</xl:exported-format-version>
    <xl:encryption-key-fingerprint>75a69783f7141d2adfa359690aeaf03facaa3f7d</xl:encryption-key-fingerprint>
  </xl:metadata>
  <xl:exported-configuration-items exported-root-id="Environments">
    <udm.Environment id="Environments/PRD" created-by="admin" created-at="2019-10-20T18:57:57.176+0000" last-modified-by="admin" last-modified-at="2019-10-20T18:57:57.176+0000">
      <members>
        <ci ref="Infrastructure/mac/jboss.192.168.64.38.xip.io" />
        <ci ref="Infrastructure/mac" />
      </members>
      <dictionaries>
        <ci ref="Environments/PRD_DICT" />
      </dictionaries>
      <triggers>
        <ci ref="Configuration/FailedStepTrigger" />
      </triggers>
      <smtpServer ref="Configuration/PRD_SMTP_SERVER" />
      <jiraUrl>false</jiraUrl>
      <jiraUsername>false</jiraUsername>
      <jiraPassword>{aes:v0}vIFfqyQcLYgE6cJELxVCISDBC986Web20i/jgCQLVM0=</jiraPassword>
      <requiresJiraTicketForUAT>false</requiresJiraTicketForUAT>
      <requiresJiraTicketForProduction>false</requiresJiraTicketForProduction>
    </udm.Environment>
    <udm.Dictionary id="Environments/PRD_DICT" created-by="admin" created-at="2019-10-20T18:57:57.176+0000" last-modified-by="admin" last-modified-at="2019-10-20T18:57:57.176+0000">
      <restrictToContainers />
      <restrictToApplications />
      <entries>
        <entry key="JBOSS_HOME">/opt/jboss/wildfly</entry>
        <entry key="message">Hello PRD ZKB!</entry>
      </entries>
      <encryptedEntries />
    </udm.Dictionary>
    <udm.Environment id="Environments/UAT" created-by="admin" created-at="2019-10-20T18:57:57.176+0000" last-modified-by="admin" last-modified-at="2019-10-20T18:57:57.176+0000">
      <members>
        <ci ref="Infrastructure/mac/jboss.192.168.64.38.xip.io" />
        <ci ref="Infrastructure/mac" />
      </members>
      <dictionaries>
        <ci ref="Environments/UAT_DICT" />
      </dictionaries>
      <triggers>
        <ci ref="Configuration/FailedStepTrigger" />
      </triggers>
      <smtpServer ref="Configuration/UAT_SMTP_SERVER" />
      <jiraUrl>false</jiraUrl>
      <jiraUsername>false</jiraUsername>
      <jiraPassword>{aes:v0}/D0lDp20vhAGwVX1QnznYXhzpUYzp3ZZEMGMFrhoM6k=</jiraPassword>
      <requiresJiraTicketForUAT>false</requiresJiraTicketForUAT>
      <requiresJiraTicketForProduction>false</requiresJiraTicketForProduction>
    </udm.Environment>
    <udm.DeployedApplication id="Environments/UAT/kitchensink" created-by="admin" created-at="2019-10-20T19:00:19.254+0000" last-modified-by="admin" last-modified-at="2019-10-20T20:28:25.849+0000">
      <version ref="Applications/kitchensink/1.1" />
      <deployeds>
        <ci ref="Infrastructure/mac/jboss.192.168.64.38.xip.io/kitchensink-1.1" />
      </deployeds>
      <orchestrator>
        <value>parallel-by-container</value>
      </orchestrator>
      <optimizePlan>true</optimizePlan>
      <boundConfigurationItems />
      <unresolvedPlaceholders />
      <undeployDependencies>false</undeployDependencies>
      <onSuccessPolicy>NOOP</onSuccessPolicy>
    </udm.DeployedApplication>
    <udm.DeployedApplication id="Environments/UAT/petstore" created-by="admin" created-at="2019-10-20T18:59:35.891+0000" last-modified-by="admin" last-modified-at="2019-10-20T20:26:08.027+0000">
      <version ref="Applications/petstore/1.0" />
      <deployeds>
        <ci ref="Infrastructure/mac/petstore-1.0.zip" />
        <ci ref="Infrastructure/mac/jboss.192.168.64.38.xip.io/petstore-ear" />
        <ci ref="Infrastructure/mac/jboss.192.168.64.38.xip.io/tomcat-sample" />
      </deployeds>
      <orchestrator>
        <value>parallel-by-container</value>
      </orchestrator>
      <optimizePlan>true</optimizePlan>
      <boundConfigurationItems />
      <unresolvedPlaceholders />
      <undeployDependencies>false</undeployDependencies>
      <onSuccessPolicy>NOOP</onSuccessPolicy>
    </udm.DeployedApplication>
    <udm.Dictionary id="Environments/UAT_DICT" created-by="admin" created-at="2019-10-20T18:57:57.176+0000" last-modified-by="admin" last-modified-at="2019-10-20T18:57:57.176+0000">
      <restrictToContainers />
      <restrictToApplications />
      <entries>
        <entry key="JBOSS_HOME">/opt/jboss/wildfly</entry>
        <entry key="message">Hello UAT ZKB!</entry>
      </entries>
      <encryptedEntries />
    </udm.Dictionary>
  </xl:exported-configuration-items>
</xl:export>
