<?xml version="1.0" encoding="UTF-8"?>
<xl:export xmlns:xl="http://www.xebialabs.com/xl-export">
  <xl:metadata>
    <xl:exported-by>admin</xl:exported-by>
    <xl:exported-at>2019-10-20T20:56:39.939+0000</xl:exported-at>
    <xl:exported-format-version>9.0.5</xl:exported-format-version>
    <xl:encryption-key-fingerprint>75a69783f7141d2adfa359690aeaf03facaa3f7d</xl:encryption-key-fingerprint>
  </xl:metadata>
  <xl:exported-configuration-items exported-root-id="Configuration">
    <release.DeploymentPipeline id="Configuration/CD-PIPELINE" created-by="admin" created-at="2019-10-20T20:20:36.597+0000" last-modified-by="admin" last-modified-at="2019-10-20T20:20:36.597+0000">
      <pipeline>
        <ci ref="Environments/UAT" />
        <ci ref="Environments/PRD" />
      </pipeline>
    </release.DeploymentPipeline>
    <trigger.EmailNotification id="Configuration/FailedEmailAction" created-by="admin" created-at="2019-10-20T18:57:57.176+0000" last-modified-by="admin" last-modified-at="2019-10-20T18:57:57.176+0000">
      <toAddresses>
        <value>filekeys@gmail.com</value>
      </toAddresses>
      <fromAddress>mellouk@filekeys.com</fromAddress>
      <subject>Application ${deployedApplication.version.application.name} failed.</subject>
      <sendContentAsHtml>true</sendContentAsHtml>
      <body>&lt;h1&gt;Deployment of ${deployedApplication.version.application.name} has failed on environment ${deployedApplication.environment.name}&lt;/h1&gt;</body>
      <mailServer ref="Configuration/UAT_SMTP_SERVER" />
    </trigger.EmailNotification>
    <trigger.StepTrigger id="Configuration/FailedStepTrigger" created-by="admin" created-at="2019-10-20T18:57:57.176+0000" last-modified-by="admin" last-modified-at="2019-10-20T18:57:57.176+0000">
      <actions>
        <ci ref="Configuration/FailedEmailAction" />
      </actions>
      <fromState>ANY</fromState>
      <toState>FAILED</toState>
    </trigger.StepTrigger>
    <mail.SmtpServer id="Configuration/PRD_SMTP_SERVER" created-by="admin" created-at="2019-10-20T18:57:57.176+0000" last-modified-by="admin" last-modified-at="2019-10-20T18:57:57.176+0000">
      <host>smtp.eu.mailgun.org</host>
      <port>587</port>
      <username>postmaster@io.brokerme.club</username>
      <password>{aes:v0}QRsxIdNBsltsu0e3k8aXDvwf6RAN7yTVwtqVmFuZgrw=</password>
      <fromAddress>postmaster@io.brokerme.club</fromAddress>
      <testAddress>filekeys@gmail.com</testAddress>
      <smtpProperties />
    </mail.SmtpServer>
    <mail.SmtpServer id="Configuration/UAT_SMTP_SERVER" created-by="admin" created-at="2019-10-20T18:57:57.176+0000" last-modified-by="admin" last-modified-at="2019-10-20T18:57:57.176+0000">
      <host>mail.filekeys.com</host>
      <port>25</port>
      <username>mellouk</username>
      <password>{aes:v0}Lou8ciDtay7XlPXDdTQhr3gATNoUJ0jq3zhBIeOypso=</password>
      <fromAddress>mellouk@filekeys.com</fromAddress>
      <testAddress>filekeys@gmail.com</testAddress>
      <smtpProperties />
    </mail.SmtpServer>
  </xl:exported-configuration-items>
</xl:export>
