<?xml version="1.0" encoding="UTF-8"?>
<xl:export xmlns:xl="http://www.xebialabs.com/xl-export">
  <xl:metadata>
    <xl:exported-by>admin</xl:exported-by>
    <xl:exported-at>2019-10-20T21:14:17.673+0000</xl:exported-at>
    <xl:exported-format-version>9.0.5</xl:exported-format-version>
    <xl:encryption-key-fingerprint>75a69783f7141d2adfa359690aeaf03facaa3f7d</xl:encryption-key-fingerprint>
  </xl:metadata>
  <xl:exported-configuration-items exported-root-id="Environments">
    <udm.Environment id="Environments/PRD" created-by="admin" created-at="2019-10-20T21:09:55.491+0000" last-modified-by="admin" last-modified-at="2019-10-20T21:09:55.491+0000">
      <members>
        <ci ref="Infrastructure/mac/jboss.192.168.64.38.xip.io" />
        <ci ref="Infrastructure/mac" />
      </members>
      <dictionaries>
        <ci ref="Environments/PRD_DICT" />
      </dictionaries>
      <triggers>
        <ci ref="Configuration/FailedStepTrigger" />
      </triggers>
      <smtpServer ref="Configuration/PRD_SMTP_SERVER" />
      <jiraUrl>false</jiraUrl>
      <jiraUsername>false</jiraUsername>
      <jiraPassword>{aes:v0}MAx23svSugNvpA2Mjeq/f2Ab+4zu9ktrs/TTKQ9OBkY=</jiraPassword>
      <requiresJiraTicketForUAT>false</requiresJiraTicketForUAT>
      <requiresJiraTicketForProduction>false</requiresJiraTicketForProduction>
    </udm.Environment>
    <udm.Dictionary id="Environments/PRD_DICT" created-by="admin" created-at="2019-10-20T21:09:55.491+0000" last-modified-by="admin" last-modified-at="2019-10-20T21:09:55.491+0000">
      <restrictToContainers />
      <restrictToApplications />
      <entries>
        <entry key="JBOSS_HOME">/opt/jboss/wildfly</entry>
        <entry key="message">Hello PRD ZKB!</entry>
      </entries>
      <encryptedEntries />
    </udm.Dictionary>
    <udm.Environment id="Environments/UAT" created-by="admin" created-at="2019-10-20T21:09:55.491+0000" last-modified-by="admin" last-modified-at="2019-10-20T21:09:55.491+0000">
      <members>
        <ci ref="Infrastructure/mac/jboss.192.168.64.38.xip.io" />
        <ci ref="Infrastructure/mac" />
      </members>
      <dictionaries>
        <ci ref="Environments/UAT_DICT" />
      </dictionaries>
      <triggers>
        <ci ref="Configuration/FailedStepTrigger" />
      </triggers>
      <smtpServer ref="Configuration/UAT_SMTP_SERVER" />
      <jiraUrl>false</jiraUrl>
      <jiraUsername>false</jiraUsername>
      <jiraPassword>{aes:v0}f3hmtgzTiAh8LPv3T3ZGtBeGT27Yrm7Ioeg6nURtjlg=</jiraPassword>
      <requiresJiraTicketForUAT>false</requiresJiraTicketForUAT>
      <requiresJiraTicketForProduction>false</requiresJiraTicketForProduction>
    </udm.Environment>
    <udm.Dictionary id="Environments/UAT_DICT" created-by="admin" created-at="2019-10-20T21:09:55.491+0000" last-modified-by="admin" last-modified-at="2019-10-20T21:09:55.491+0000">
      <restrictToContainers />
      <restrictToApplications />
      <entries>
        <entry key="JBOSS_HOME">/opt/jboss/wildfly</entry>
        <entry key="message">Hello UAT ZKB!</entry>
      </entries>
      <encryptedEntries />
    </udm.Dictionary>
  </xl:exported-configuration-items>
</xl:export>
