<?xml version="1.0" encoding="UTF-8"?>
<xl:export xmlns:xl="http://www.xebialabs.com/xl-export">
  <xl:metadata>
    <xl:exported-by>admin</xl:exported-by>
    <xl:exported-at>2019-10-01T14:40:27.378+0000</xl:exported-at>
    <xl:exported-format-version>9.0.5</xl:exported-format-version>
    <xl:encryption-key-fingerprint>865b23d2de184c0e39f56559e9282a89e4b4fbef</xl:encryption-key-fingerprint>
  </xl:metadata>
  <xl:exported-configuration-items exported-root-id="Environments">
    <udm.Environment id="Environments/UAT" created-by="admin" created-at="2019-10-01T14:10:10.010+0000" last-modified-by="admin" last-modified-at="2019-10-01T14:10:10.010+0000">
      <members>
        <ci ref="Infrastructure/mac" />
      </members>
      <dictionaries />
      <triggers />
    </udm.Environment>
    <udm.DeployedApplication id="Environments/UAT/petstore" created-by="admin" created-at="2019-10-01T14:11:08.979+0000" last-modified-by="admin" last-modified-at="2019-10-01T14:11:08.979+0000">
      <version ref="Applications/petstore/1.0" />
      <deployeds>
        <ci ref="Infrastructure/mac/petstore-1.0.zip" />
      </deployeds>
      <orchestrator>
        <value>parallel-by-container</value>
      </orchestrator>
      <optimizePlan>true</optimizePlan>
      <boundConfigurationItems />
      <unresolvedPlaceholders />
      <undeployDependencies>false</undeployDependencies>
      <onSuccessPolicy>NOOP</onSuccessPolicy>
    </udm.DeployedApplication>
  </xl:exported-configuration-items>
</xl:export>
