<?xml version="1.0" encoding="UTF-8"?>
<xl:export xmlns:xl="http://www.xebialabs.com/xl-export">
  <xl:metadata>
    <xl:exported-by>admin</xl:exported-by>
    <xl:exported-at>2019-11-20T20:46:35.648+0000</xl:exported-at>
    <xl:exported-format-version>9.0.5</xl:exported-format-version>
    <xl:encryption-key-fingerprint>75a69783f7141d2adfa359690aeaf03facaa3f7d</xl:encryption-key-fingerprint>
  </xl:metadata>
  <xl:exported-configuration-items exported-root-id="Environments">
    <udm.Environment id="Environments/PRD" created-by="admin" created-at="2019-11-20T19:31:32.254+0000" last-modified-by="admin" last-modified-at="2019-11-20T20:45:37.593+0000">
      <members>
        <ci ref="Infrastructure/mac-2/jboss.192.168.64.133.xip.io" />
        <ci ref="Infrastructure/mac-2" />
        <ci ref="Infrastructure/mac-1/tomcat/tomcat-virtualhost" />
        <ci ref="Infrastructure/Windows10Cifs" />
      </members>
      <dictionaries>
        <ci ref="Environments/PRD_DICT" />
      </dictionaries>
      <triggers>
        <ci ref="Configuration/FailedStepTrigger" />
      </triggers>
      <smtpServer ref="Configuration/PRD_SMTP_SERVER" />
      <jiraUrl>false</jiraUrl>
      <jiraUsername>false</jiraUsername>
      <jiraPassword>{aes:v0}5kLBO7X36dCnxSB+BbgxqmutNBjQ1X/I5/wwie9x1HA=</jiraPassword>
      <requiresJiraTicketForUAT>false</requiresJiraTicketForUAT>
      <requiresJiraTicketForProduction>false</requiresJiraTicketForProduction>
    </udm.Environment>
    <udm.Dictionary id="Environments/PRD_DICT" created-by="admin" created-at="2019-11-20T19:31:32.254+0000" last-modified-by="admin" last-modified-at="2019-11-20T19:31:32.254+0000">
      <restrictToContainers />
      <restrictToApplications />
      <entries>
        <entry key="PETSTORE_SMOKETEST_URL">http://jboss-webapp.192.168.64.133.nip.io/tomcat-sample/hello.jsp</entry>
        <entry key="JBOSS_HOME">/opt/jboss/wildfly</entry>
        <entry key="WINDOWS_SMOKETEST_URL">http://DESKTOP-OU0F15M:8080</entry>
        <entry key="message">Hello PRD ZKB!</entry>
      </entries>
      <encryptedEntries />
    </udm.Dictionary>
    <udm.Environment id="Environments/UAT" created-by="admin" created-at="2019-11-20T19:31:32.254+0000" last-modified-by="admin" last-modified-at="2019-11-20T20:45:48.625+0000">
      <members>
        <ci ref="Infrastructure/mac-1/jboss.192.168.64.133.xip.io" />
        <ci ref="Infrastructure/mac-1/tomcat/tomcat-virtualhost" />
        <ci ref="Infrastructure/Windows10Cifs" />
        <ci ref="Infrastructure/mac-1" />
      </members>
      <dictionaries>
        <ci ref="Environments/UAT_DICT" />
      </dictionaries>
      <triggers>
        <ci ref="Configuration/FailedStepTrigger" />
      </triggers>
      <smtpServer ref="Configuration/UAT_SMTP_SERVER" />
      <jiraUrl>false</jiraUrl>
      <jiraUsername>false</jiraUsername>
      <jiraPassword>{aes:v0}d1K42MJM6+KmKZ2HF/05Jx2B/g/5JG0MFIKN4DMugWE=</jiraPassword>
      <requiresJiraTicketForUAT>false</requiresJiraTicketForUAT>
      <requiresJiraTicketForProduction>false</requiresJiraTicketForProduction>
    </udm.Environment>
    <udm.Dictionary id="Environments/UAT_DICT" created-by="admin" created-at="2019-11-20T19:31:32.254+0000" last-modified-by="admin" last-modified-at="2019-11-20T19:31:32.254+0000">
      <restrictToContainers />
      <restrictToApplications />
      <entries>
        <entry key="PETSTORE_SMOKETEST_URL">http://jboss-webapp.192.168.64.133.nip.io/tomcat-sample/hello.jsp</entry>
        <entry key="JBOSS_HOME">/opt/jboss/wildfly</entry>
        <entry key="WINDOWS_SMOKETEST_URL">http://DESKTOP-OU0F15M:8080</entry>
        <entry key="message">Hello UAT ZKB!</entry>
      </entries>
      <encryptedEntries />
    </udm.Dictionary>
  </xl:exported-configuration-items>
</xl:export>
