<?xml version="1.0" encoding="UTF-8"?>
<xl:export xmlns:xl="http://www.xebialabs.com/xl-export">
  <xl:metadata>
    <xl:exported-by>admin</xl:exported-by>
    <xl:exported-at>2019-10-01T19:17:44.980+0000</xl:exported-at>
    <xl:exported-format-version>9.0.5</xl:exported-format-version>
    <xl:encryption-key-fingerprint>e6ae3a127bda49e186e57f1d44ebf089717bacac</xl:encryption-key-fingerprint>
  </xl:metadata>
  <xl:exported-configuration-items exported-root-id="Environments">
    <udm.Environment id="Environments/UAT" created-by="admin" created-at="2019-10-01T19:06:59.361+0000" last-modified-by="admin" last-modified-at="2019-10-01T19:11:51.203+0000">
      <members>
        <ci ref="Infrastructure/mac" />
      </members>
      <dictionaries />
      <triggers />
    </udm.Environment>
  </xl:exported-configuration-items>
</xl:export>
