<?xml version="1.0" encoding="UTF-8"?>
<xl:export xmlns:xl="http://www.xebialabs.com/xl-export">
  <xl:metadata>
    <xl:exported-by>admin</xl:exported-by>
    <xl:exported-at>2019-10-20T10:23:36.965+0000</xl:exported-at>
    <xl:exported-format-version>9.0.5</xl:exported-format-version>
    <xl:encryption-key-fingerprint>75a69783f7141d2adfa359690aeaf03facaa3f7d</xl:encryption-key-fingerprint>
  </xl:metadata>
  <xl:exported-configuration-items exported-root-id="Infrastructure">
    <overthere.SshHost id="Infrastructure/mac" created-by="admin" created-at="2019-10-20T09:19:50.056+0000" last-modified-by="admin" last-modified-at="2019-10-20T09:19:50.056+0000">
      <tags>
        <value>petstore</value>
      </tags>
      <os>UNIX</os>
      <puppetPath>/usr/local/bin</puppetPath>
      <connectionType>INTERACTIVE_SUDO</connectionType>
      <address>192.168.1.206</address>
      <port>22</port>
      <username>root</username>
      <privateKeyFile>/opt/xebialabs/xl-deploy-server/id_rsa</privateKeyFile>
      <sudoUsername>root</sudoUsername>
    </overthere.SshHost>
    <jbossdm.StandaloneServer id="Infrastructure/mac/jboss.192.168.64.38.nip.io" created-by="admin" created-at="2019-10-20T09:19:50.056+0000" last-modified-by="admin" last-modified-at="2019-10-20T09:19:50.056+0000">
      <tags>
        <value>petstore</value>
      </tags>
      <home>/opt/jboss/wildfly</home>
      <port>80</port>
      <enableDaemon>true</enableDaemon>
      <commandExecutionMode>CLI_COMMANDS</commandExecutionMode>
      <adminHostAddress>jboss.192.168.64.38.nip.io</adminHostAddress>
      <username>admin</username>
      <password>{aes:v0}gUT9JQ0CUSlwjQjvHfzTQCvyrxxl0OronDe9hQb857M=</password>
      <cliScriptPrefix>jboss-cli</cliScriptPrefix>
    </jbossdm.StandaloneServer>
    <jbossdm.StandaloneServer id="Infrastructure/mac/jboss.192.168.64.38.xip.io" created-by="admin" created-at="2019-10-20T09:19:50.056+0000" last-modified-by="admin" last-modified-at="2019-10-20T09:19:50.056+0000">
      <tags>
        <value>petstore</value>
      </tags>
      <home>/opt/jboss/wildfly</home>
      <port>80</port>
      <enableDaemon>true</enableDaemon>
      <commandExecutionMode>CLI_COMMANDS</commandExecutionMode>
      <adminHostAddress>jboss.192.168.64.38.xip.io</adminHostAddress>
      <username>admin</username>
      <password>{aes:v0}C6e+5lpnItTRK7cXhYJ7dHAJptrlUfWJrSps/7xI+cs=</password>
      <cliScriptPrefix>jboss-cli</cliScriptPrefix>
    </jbossdm.StandaloneServer>
    <jbossdm.EarModule id="Infrastructure/mac/jboss.192.168.64.38.xip.io/petstore-ear" created-by="admin" created-at="2019-10-20T10:19:47.246+0000" last-modified-by="admin" last-modified-at="2019-10-20T10:19:47.246+0000">
      <deployable ref="Applications/petstore/1.0/petstore-ear" />
      <placeholders />
    </jbossdm.EarModule>
    <jbossdm.WarModule id="Infrastructure/mac/jboss.192.168.64.38.xip.io/tomcat-sample" created-by="admin" created-at="2019-10-20T10:19:47.246+0000" last-modified-by="admin" last-modified-at="2019-10-20T10:19:47.246+0000">
      <deployable ref="Applications/petstore/1.0/tomcat-sample" />
      <placeholders>
        <entry key="message">Hello ZKB!</entry>
      </placeholders>
    </jbossdm.WarModule>
    <jbossdm.StandaloneServer id="Infrastructure/mac/jboss.local" created-by="admin" created-at="2019-10-20T09:19:50.056+0000" last-modified-by="admin" last-modified-at="2019-10-20T09:19:50.056+0000">
      <tags>
        <value>petstore</value>
      </tags>
      <home>/opt/jboss/wildfly</home>
      <port>9990</port>
      <enableDaemon>true</enableDaemon>
      <commandExecutionMode>CLI_COMMANDS</commandExecutionMode>
      <adminHostAddress>192.168.1.20</adminHostAddress>
      <username>admin</username>
      <password>{aes:v0}dpRrNWdYgbmHr5WhEpgNaws94pid6rmsKfQbCjFu2qY=</password>
      <cliScriptPrefix>jboss-cli</cliScriptPrefix>
    </jbossdm.StandaloneServer>
    <jbossdm.StandaloneServer id="Infrastructure/mac/mac-jboss" created-by="admin" created-at="2019-10-20T09:19:50.056+0000" last-modified-by="admin" last-modified-at="2019-10-20T09:19:50.056+0000">
      <tags>
        <value>petstore</value>
      </tags>
      <home>/opt/jboss/wildfly</home>
      <port>9990</port>
      <enableDaemon>true</enableDaemon>
      <commandExecutionMode>CLI_COMMANDS</commandExecutionMode>
      <adminHostAddress>192.168.1.206</adminHostAddress>
      <username>admin</username>
      <password>{aes:v0}DmlOXg7j6IfA4uHh++WzH57KQJDSnbqi2GtRJ/GCoMs=</password>
      <cliScriptPrefix>jboss-cli</cliScriptPrefix>
    </jbossdm.StandaloneServer>
    <file.DeployedFolder id="Infrastructure/mac/petstore-1.0.zip" created-by="admin" created-at="2019-10-20T10:19:47.246+0000" last-modified-by="admin" last-modified-at="2019-10-20T10:19:47.246+0000">
      <deployable ref="Applications/petstore/1.0/petstore-1.0.zip" />
      <placeholders />
      <targetPath>/u01/app/ebanking</targetPath>
      <targetPathShared>true</targetPathShared>
      <createTargetPath>true</createTargetPath>
    </file.DeployedFolder>
  </xl:exported-configuration-items>
</xl:export>
