<?xml version="1.0" encoding="UTF-8"?>
<xl:export xmlns:xl="http://www.xebialabs.com/xl-export">
  <xl:metadata>
    <xl:exported-by>admin</xl:exported-by>
    <xl:exported-at>2019-10-23T20:49:40.023+0000</xl:exported-at>
    <xl:exported-format-version>9.0.5</xl:exported-format-version>
    <xl:encryption-key-fingerprint>75a69783f7141d2adfa359690aeaf03facaa3f7d</xl:encryption-key-fingerprint>
  </xl:metadata>
  <xl:exported-configuration-items exported-root-id="Infrastructure">
    <overthere.CifsHost id="Infrastructure/Windows10Cifs" created-by="admin" created-at="2019-10-23T20:48:16.016+0000" last-modified-by="admin" last-modified-at="2019-10-23T20:48:16.016+0000">
      <tags />
      <puppetPath>/usr/local/bin</puppetPath>
      <os>WINDOWS</os>
      <connectionType>WINRM_INTERNAL</connectionType>
      <address>DESKTOP-OU0F15M</address>
      <username>Administrator</username>
      <password>{aes:v0}UQp46QIEIhmTlj6jAghnpwmP/Qt/627QPqtrkfV/bIk=</password>
      <winrmEnableHttps>false</winrmEnableHttps>
      <winrsAllowDelegate>false</winrsAllowDelegate>
      <pathShareMappings />
      <cifsPort>445</cifsPort>
    </overthere.CifsHost>
    <overthere.SshHost id="Infrastructure/mac-1" created-by="admin" created-at="2019-10-23T20:22:58.002+0000" last-modified-by="admin" last-modified-at="2019-10-23T20:22:58.002+0000">
      <tags>
        <value>petstore</value>
      </tags>
      <os>UNIX</os>
      <puppetPath>/usr/local/bin</puppetPath>
      <connectionType>INTERACTIVE_SUDO</connectionType>
      <address>169.254.3.198</address>
      <port>22</port>
      <username>root</username>
      <privateKeyFile>/opt/xebialabs/xl-deploy-server/id_rsa</privateKeyFile>
      <sudoUsername>root</sudoUsername>
    </overthere.SshHost>
    <jbossdm.StandaloneServer id="Infrastructure/mac-1/jboss.192.168.64.42.nip.io" created-by="admin" created-at="2019-10-23T20:22:58.002+0000" last-modified-by="admin" last-modified-at="2019-10-23T20:22:58.002+0000">
      <tags>
        <value>petstore</value>
      </tags>
      <home>/opt/jboss/wildfly</home>
      <port>80</port>
      <enableDaemon>true</enableDaemon>
      <commandExecutionMode>CLI_COMMANDS</commandExecutionMode>
      <adminHostAddress>jboss.192.168.64.42.nip.io</adminHostAddress>
      <username>admin</username>
      <password>{aes:v0}cyxN1rNHEryI138gJ5zi7nGc2u9OTDKr4QWIPrM8eYA=</password>
      <cliScriptPrefix>jboss-cli</cliScriptPrefix>
    </jbossdm.StandaloneServer>
    <jbossdm.StandaloneServer id="Infrastructure/mac-1/jboss.192.168.64.42.xip.io" created-by="admin" created-at="2019-10-23T20:22:58.002+0000" last-modified-by="admin" last-modified-at="2019-10-23T20:22:58.002+0000">
      <tags>
        <value>petstore</value>
      </tags>
      <home>/opt/jboss/wildfly</home>
      <port>80</port>
      <enableDaemon>true</enableDaemon>
      <commandExecutionMode>CLI_COMMANDS</commandExecutionMode>
      <adminHostAddress>jboss.192.168.64.42.xip.io</adminHostAddress>
      <username>admin</username>
      <password>{aes:v0}kX+YrV2JiquREsFGU22h+4iMpL1YncMI8pG5CETdh00=</password>
      <cliScriptPrefix>jboss-cli</cliScriptPrefix>
    </jbossdm.StandaloneServer>
    <jbossdm.StandaloneServer id="Infrastructure/mac-1/jboss.local" created-by="admin" created-at="2019-10-23T20:22:58.002+0000" last-modified-by="admin" last-modified-at="2019-10-23T20:22:58.002+0000">
      <tags>
        <value>petstore</value>
      </tags>
      <home>/opt/jboss/wildfly</home>
      <port>9990</port>
      <enableDaemon>true</enableDaemon>
      <commandExecutionMode>CLI_COMMANDS</commandExecutionMode>
      <adminHostAddress>192.168.1.20</adminHostAddress>
      <username>admin</username>
      <password>{aes:v0}umJqDn8+6dcICM3CM2m/aIoKaUdLG7O0uBnnwA8BCHI=</password>
      <cliScriptPrefix>jboss-cli</cliScriptPrefix>
    </jbossdm.StandaloneServer>
    <jbossdm.StandaloneServer id="Infrastructure/mac-1/mac-jboss" created-by="admin" created-at="2019-10-23T20:22:58.002+0000" last-modified-by="admin" last-modified-at="2019-10-23T20:22:58.002+0000">
      <tags>
        <value>petstore</value>
      </tags>
      <home>/opt/jboss/wildfly</home>
      <port>9990</port>
      <enableDaemon>true</enableDaemon>
      <commandExecutionMode>CLI_COMMANDS</commandExecutionMode>
      <adminHostAddress>169.254.3.198</adminHostAddress>
      <username>admin</username>
      <password>{aes:v0}RWTOXs4Gaz/QR75GXzvPtTI8TjmUZKm9WR4j5GkVHEE=</password>
      <cliScriptPrefix>jboss-cli</cliScriptPrefix>
    </jbossdm.StandaloneServer>
    <overthere.SshHost id="Infrastructure/mac-2" created-by="admin" created-at="2019-10-23T20:22:58.002+0000" last-modified-by="admin" last-modified-at="2019-10-23T20:22:58.002+0000">
      <tags>
        <value>petstore</value>
      </tags>
      <os>UNIX</os>
      <puppetPath>/usr/local/bin</puppetPath>
      <connectionType>INTERACTIVE_SUDO</connectionType>
      <address>169.254.3.198</address>
      <port>22</port>
      <username>root</username>
      <privateKeyFile>/opt/xebialabs/xl-deploy-server/id_rsa</privateKeyFile>
      <sudoUsername>root</sudoUsername>
    </overthere.SshHost>
    <jbossdm.StandaloneServer id="Infrastructure/mac-2/jboss.192.168.64.42.nip.io" created-by="admin" created-at="2019-10-23T20:22:58.002+0000" last-modified-by="admin" last-modified-at="2019-10-23T20:22:58.002+0000">
      <tags>
        <value>petstore</value>
      </tags>
      <home>/opt/jboss/wildfly</home>
      <port>80</port>
      <enableDaemon>true</enableDaemon>
      <commandExecutionMode>CLI_COMMANDS</commandExecutionMode>
      <adminHostAddress>jboss.192.168.64.42.nip.io</adminHostAddress>
      <username>admin</username>
      <password>{aes:v0}ilim6HAvDrUcyOXGVynScgSY58fFd2RrpJoYhFXri4w=</password>
      <cliScriptPrefix>jboss-cli</cliScriptPrefix>
    </jbossdm.StandaloneServer>
    <jbossdm.StandaloneServer id="Infrastructure/mac-2/jboss.192.168.64.42.xip.io" created-by="admin" created-at="2019-10-23T20:22:58.002+0000" last-modified-by="admin" last-modified-at="2019-10-23T20:22:58.002+0000">
      <tags>
        <value>petstore</value>
      </tags>
      <home>/opt/jboss/wildfly</home>
      <port>80</port>
      <enableDaemon>true</enableDaemon>
      <commandExecutionMode>CLI_COMMANDS</commandExecutionMode>
      <adminHostAddress>jboss.192.168.64.42.xip.io</adminHostAddress>
      <username>admin</username>
      <password>{aes:v0}zXxwwdmh7MlN+Y7/BXbMeT+EvzGbJTX7HTUhlkXNcyk=</password>
      <cliScriptPrefix>jboss-cli</cliScriptPrefix>
    </jbossdm.StandaloneServer>
    <jbossdm.StandaloneServer id="Infrastructure/mac-2/jboss.local" created-by="admin" created-at="2019-10-23T20:22:58.002+0000" last-modified-by="admin" last-modified-at="2019-10-23T20:22:58.002+0000">
      <tags>
        <value>petstore</value>
      </tags>
      <home>/opt/jboss/wildfly</home>
      <port>9990</port>
      <enableDaemon>true</enableDaemon>
      <commandExecutionMode>CLI_COMMANDS</commandExecutionMode>
      <adminHostAddress>192.168.1.20</adminHostAddress>
      <username>admin</username>
      <password>{aes:v0}iK8ZQJ7H/HFcZ8SLyhRu6zz2k6umm651GIdnS0Osabo=</password>
      <cliScriptPrefix>jboss-cli</cliScriptPrefix>
    </jbossdm.StandaloneServer>
    <jbossdm.StandaloneServer id="Infrastructure/mac-2/mac-jboss" created-by="admin" created-at="2019-10-23T20:22:58.002+0000" last-modified-by="admin" last-modified-at="2019-10-23T20:22:58.002+0000">
      <tags>
        <value>petstore</value>
      </tags>
      <home>/opt/jboss/wildfly</home>
      <port>9990</port>
      <enableDaemon>true</enableDaemon>
      <commandExecutionMode>CLI_COMMANDS</commandExecutionMode>
      <adminHostAddress>169.254.3.198</adminHostAddress>
      <username>admin</username>
      <password>{aes:v0}9XynkgoWMN0cE3Vuy2N/eZ1dek67qEaqT4fwwkTN72w=</password>
      <cliScriptPrefix>jboss-cli</cliScriptPrefix>
    </jbossdm.StandaloneServer>
  </xl:exported-configuration-items>
</xl:export>
