<?xml version="1.0" encoding="UTF-8"?>
<xl:export xmlns:xl="http://www.xebialabs.com/xl-export">
  <xl:metadata>
    <xl:exported-by>admin</xl:exported-by>
    <xl:exported-at>2019-10-01T14:50:33.596+0000</xl:exported-at>
    <xl:exported-format-version>9.0.5</xl:exported-format-version>
    <xl:encryption-key-fingerprint>865b23d2de184c0e39f56559e9282a89e4b4fbef</xl:encryption-key-fingerprint>
  </xl:metadata>
  <xl:exported-configuration-items exported-root-id="Infrastructure">
    <overthere.SshHost id="Infrastructure/mac" created-by="admin" created-at="2019-10-01T14:04:36.413+0000" last-modified-by="admin" last-modified-at="2019-10-01T14:09:39.072+0000">
      <tags>
        <value>petstore</value>
      </tags>
      <os>UNIX</os>
      <puppetPath>/usr/local/bin</puppetPath>
      <connectionType>INTERACTIVE_SUDO</connectionType>
      <address>10.72.5.103</address>
      <port>22</port>
      <username>root</username>
      <privateKeyFile>/opt/xebialabs/xl-deploy-server/id_rsa</privateKeyFile>
      <sudoUsername>root</sudoUsername>
    </overthere.SshHost>
    <file.DeployedFolder id="Infrastructure/mac/petstore-1.0.zip" created-by="admin" created-at="2019-10-01T14:11:08.979+0000" last-modified-by="admin" last-modified-at="2019-10-01T14:11:08.979+0000">
      <deployable ref="Applications/petstore/1.0/petstore-1.0.zip" />
      <placeholders />
      <targetPath>/u01/app/ebanking</targetPath>
      <targetPathShared>true</targetPathShared>
      <createTargetPath>true</createTargetPath>
    </file.DeployedFolder>
  </xl:exported-configuration-items>
</xl:export>
