<?xml version="1.0" encoding="UTF-8"?>
<xl:export xmlns:xl="http://www.xebialabs.com/xl-export">
  <xl:metadata>
    <xl:exported-by>admin</xl:exported-by>
    <xl:exported-at>2019-10-19T21:42:51.342+0000</xl:exported-at>
    <xl:exported-format-version>9.0.5</xl:exported-format-version>
    <xl:encryption-key-fingerprint>75a69783f7141d2adfa359690aeaf03facaa3f7d</xl:encryption-key-fingerprint>
  </xl:metadata>
  <xl:exported-configuration-items exported-root-id="Applications">
    <udm.Application id="Applications/kitchensink" created-by="admin" created-at="2019-10-19T21:36:34.540+0000" last-modified-by="admin" last-modified-at="2019-10-19T21:40:22.897+0000">
      <lastVersion>kitchensink-ear.ear</lastVersion>
    </udm.Application>
    <udm.DeploymentPackage id="Applications/kitchensink/kitchensink-ear.ear" created-by="admin" created-at="2019-10-19T21:40:22.879+0000" last-modified-by="admin" last-modified-at="2019-10-19T21:40:22.879+0000">
      <orchestrator>
        <value>parallel-by-container</value>
      </orchestrator>
      <applicationDependencies />
      <dependencyResolution>LATEST</dependencyResolution>
      <undeployDependencies>false</undeployDependencies>
      <boundTemplates />
    </udm.DeploymentPackage>
    <jbossdm.Ear id="Applications/kitchensink/kitchensink-ear.ear/kitchensink" created-by="admin" created-at="2019-10-19T21:42:20.065+0000" last-modified-by="admin" last-modified-at="2019-10-19T21:42:20.065+0000">
      <tags>
        <value>petstore</value>
        <value>kitchensink</value>
      </tags>
      <scanPlaceholders>true</scanPlaceholders>
      <preScannedPlaceholders>false</preScannedPlaceholders>
      <placeholders />
      <checksum>b1fa974662b385e95971622f22cc9a5c17670697</checksum>
      <fileUri>http://www.filekeys.com/kitchensink-ear.ear</fileUri>
    </jbossdm.Ear>
    <udm.Application id="Applications/petstore" created-by="admin" created-at="2019-10-19T21:36:26.212+0000" last-modified-by="admin" last-modified-at="2019-10-19T21:36:26.256+0000">
      <lastVersion>petstore-1_3_1_02.zip</lastVersion>
    </udm.Application>
    <udm.DeploymentPackage id="Applications/petstore/petstore-1_3_1_02.zip" created-by="admin" created-at="2019-10-19T21:36:26.212+0000" last-modified-by="admin" last-modified-at="2019-10-19T21:36:26.212+0000">
      <orchestrator>
        <value>parallel-by-container</value>
      </orchestrator>
      <applicationDependencies />
      <dependencyResolution>LATEST</dependencyResolution>
      <undeployDependencies>false</undeployDependencies>
      <boundTemplates />
    </udm.DeploymentPackage>
    <file.Folder id="Applications/petstore/petstore-1_3_1_02.zip/petstore-1_3_1_02.zip.zip" created-by="admin" created-at="2019-10-19T21:36:26.212+0000" last-modified-by="admin" last-modified-at="2019-10-19T21:36:26.212+0000">
      <tags>
        <value>petstore</value>
        <value>uat</value>
      </tags>
      <scanPlaceholders>true</scanPlaceholders>
      <preScannedPlaceholders>false</preScannedPlaceholders>
      <placeholders />
      <checksum>446f798dbd88ca7a8707ce307d0edca930f0f70b</checksum>
      <fileUri>http://www.filekeys.com/petstore-1_3_1_02.zip</fileUri>
      <targetPath>/tmp</targetPath>
      <createTargetPath>true</createTargetPath>
    </file.Folder>
  </xl:exported-configuration-items>
</xl:export>
