<?xml version="1.0" encoding="UTF-8"?>
<xl:export xmlns:xl="http://www.xebialabs.com/xl-export">
  <xl:metadata>
    <xl:exported-by>admin</xl:exported-by>
    <xl:exported-at>2019-10-14T08:45:24.347+0000</xl:exported-at>
    <xl:exported-format-version>9.0.5</xl:exported-format-version>
    <xl:encryption-key-fingerprint>75a69783f7141d2adfa359690aeaf03facaa3f7d</xl:encryption-key-fingerprint>
  </xl:metadata>
  <xl:exported-configuration-items exported-root-id="Configuration">
    <mail.SmtpServer id="Configuration/UAT_SMTP_SERVER" created-by="admin" created-at="2019-10-13T17:29:52.914+0000" last-modified-by="admin" last-modified-at="2019-10-13T17:29:52.914+0000">
      <host>mail.filekeys.com</host>
      <port>25</port>
      <username>mellouk</username>
      <password>{aes:v0}NAOgziI38InrHn08zAIUwtzo2DnDCQa1cGM2FhTttY4=</password>
      <fromAddress>mellouk@filekeys.com</fromAddress>
      <testAddress>filekeys@gmail.com</testAddress>
      <smtpProperties />
    </mail.SmtpServer>
  </xl:exported-configuration-items>
</xl:export>
