<?xml version="1.0" encoding="UTF-8"?>
<xl:export xmlns:xl="http://www.xebialabs.com/xl-export">
  <xl:metadata>
    <xl:exported-by>admin</xl:exported-by>
    <xl:exported-at>2019-10-03T21:39:27.946+0000</xl:exported-at>
    <xl:exported-format-version>9.0.5</xl:exported-format-version>
    <xl:encryption-key-fingerprint>75a69783f7141d2adfa359690aeaf03facaa3f7d</xl:encryption-key-fingerprint>
  </xl:metadata>
  <xl:exported-configuration-items exported-root-id="Infrastructure">
    <overthere.SshHost id="Infrastructure/mac" created-by="admin" created-at="2019-10-03T21:37:46.314+0000" last-modified-by="admin" last-modified-at="2019-10-03T21:37:46.314+0000">
      <tags>
        <value>petstore</value>
      </tags>
      <os>UNIX</os>
      <puppetPath>/usr/local/bin</puppetPath>
      <connectionType>INTERACTIVE_SUDO</connectionType>
      <address>10.72.5.103</address>
      <port>22</port>
      <username>root</username>
      <privateKeyFile>/opt/xebialabs/xl-deploy-server/id_rsa</privateKeyFile>
      <sudoUsername>root</sudoUsername>
    </overthere.SshHost>
    <jbossdm.StandaloneServer id="Infrastructure/mac/jboss.192.168.64.22.xip.io" created-by="admin" created-at="2019-10-03T21:37:46.314+0000" last-modified-by="admin" last-modified-at="2019-10-03T21:37:46.314+0000">
      <tags />
      <home>/opt/jboss/wildfly</home>
      <port>9990</port>
      <enableDaemon>true</enableDaemon>
      <commandExecutionMode>CLI_COMMANDS</commandExecutionMode>
      <adminHostAddress>localhost</adminHostAddress>
      <username>admin</username>
      <password>{aes:v0}j/x8FTKHpIWIpjR/F0N3zG43aooj2hyjI0aW9dHjwWw=</password>
      <cliScriptPrefix>jboss-cli</cliScriptPrefix>
    </jbossdm.StandaloneServer>
    <jbossdm.StandaloneServer id="Infrastructure/mac/mac-jboss" created-by="admin" created-at="2019-10-03T21:37:46.314+0000" last-modified-by="admin" last-modified-at="2019-10-03T21:37:46.314+0000">
      <tags>
        <value>petstore</value>
      </tags>
      <home>/opt/jboss/wildfly</home>
      <port>9990</port>
      <enableDaemon>true</enableDaemon>
      <commandExecutionMode>CLI_COMMANDS</commandExecutionMode>
      <adminHostAddress>10.72.5.103</adminHostAddress>
      <username>admin</username>
      <password>{aes:v0}VpeK2yiAlc0mwDH8cipI5RbBoqo0Qe1rVG+n0+/GHCo=</password>
      <cliScriptPrefix>jboss-cli</cliScriptPrefix>
    </jbossdm.StandaloneServer>
  </xl:exported-configuration-items>
</xl:export>
