<?xml version="1.0" encoding="UTF-8"?>
<xl:export xmlns:xl="http://www.xebialabs.com/xl-export">
  <xl:metadata>
    <xl:exported-by>admin</xl:exported-by>
    <xl:exported-at>2019-11-19T13:57:24.926+0000</xl:exported-at>
    <xl:exported-format-version>9.0.5</xl:exported-format-version>
    <xl:encryption-key-fingerprint>75a69783f7141d2adfa359690aeaf03facaa3f7d</xl:encryption-key-fingerprint>
  </xl:metadata>
  <xl:exported-configuration-items exported-root-id="Infrastructure">
    <overthere.CifsHost id="Infrastructure/Windows10Cifs" created-by="admin" created-at="2019-11-19T13:15:17.837+0000" last-modified-by="admin" last-modified-at="2019-11-19T13:15:17.837+0000">
      <tags>
        <value>windows-webform</value>
      </tags>
      <puppetPath>/usr/local/bin</puppetPath>
      <os>WINDOWS</os>
      <connectionType>WINRM_INTERNAL</connectionType>
      <address>DESKTOP-OU0F15M</address>
      <username>Administrator</username>
      <password>{aes:v0}wsoBDDQwmoPowGIPTWagdDetzu6p7f1/1U7hIzsJVNc=</password>
      <winrmEnableHttps>false</winrmEnableHttps>
      <winrsAllowDelegate>false</winrsAllowDelegate>
      <pathShareMappings />
      <cifsPort>445</cifsPort>
    </overthere.CifsHost>
    <file.DeployedArchive id="Infrastructure/Windows10Cifs/windows-webform-1.1.zip" created-by="admin" created-at="2019-11-19T13:56:45.299+0000" last-modified-by="admin" last-modified-at="2019-11-19T13:56:45.299+0000">
      <deployable ref="Applications/windows-webform/1.1/windows-webform-1.1.zip" />
      <placeholders />
      <targetPath>C:\inetpub\wwwroot</targetPath>
      <targetPathShared>true</targetPathShared>
      <createTargetPath>true</createTargetPath>
      <targetFileName>ZKBPoC.zip</targetFileName>
    </file.DeployedArchive>
    <overthere.SshHost id="Infrastructure/mac-1" created-by="admin" created-at="2019-11-19T13:15:17.837+0000" last-modified-by="admin" last-modified-at="2019-11-19T13:15:17.837+0000">
      <tags>
        <value>petstore</value>
      </tags>
      <os>UNIX</os>
      <puppetPath>/usr/local/bin</puppetPath>
      <connectionType>INTERACTIVE_SUDO</connectionType>
      <address>192.168.43.179</address>
      <port>22</port>
      <username>root</username>
      <privateKeyFile>/opt/xebialabs/xl-deploy-server/id_rsa</privateKeyFile>
      <sudoUsername>root</sudoUsername>
    </overthere.SshHost>
    <jbossdm.StandaloneServer id="Infrastructure/mac-1/jboss.192.168.64.132.nip.io" created-by="admin" created-at="2019-11-19T13:15:17.837+0000" last-modified-by="admin" last-modified-at="2019-11-19T13:15:17.837+0000">
      <tags>
        <value>petstore</value>
      </tags>
      <home>/opt/jboss/wildfly</home>
      <port>80</port>
      <enableDaemon>true</enableDaemon>
      <commandExecutionMode>CLI_COMMANDS</commandExecutionMode>
      <adminHostAddress>jboss.192.168.64.132.nip.io</adminHostAddress>
      <username>admin</username>
      <password>{aes:v0}nbQnm2R/EMSYFfo+c+UnxF8rS7vdeDxELW+kBw9Cons=</password>
      <cliScriptPrefix>jboss-cli</cliScriptPrefix>
    </jbossdm.StandaloneServer>
    <jbossdm.StandaloneServer id="Infrastructure/mac-1/jboss.192.168.64.132.xip.io" created-by="admin" created-at="2019-11-19T13:15:17.837+0000" last-modified-by="admin" last-modified-at="2019-11-19T13:15:17.837+0000">
      <tags>
        <value>petstore</value>
      </tags>
      <home>/opt/jboss/wildfly</home>
      <port>80</port>
      <enableDaemon>true</enableDaemon>
      <commandExecutionMode>CLI_COMMANDS</commandExecutionMode>
      <adminHostAddress>jboss.192.168.64.132.xip.io</adminHostAddress>
      <username>admin</username>
      <password>{aes:v0}G1B2uyFik2CTYgoMvTV4zi3LxLbLPPxP2ODfXZNmjhI=</password>
      <cliScriptPrefix>jboss-cli</cliScriptPrefix>
    </jbossdm.StandaloneServer>
    <jbossdm.StandaloneServer id="Infrastructure/mac-1/jboss.local" created-by="admin" created-at="2019-11-19T13:15:17.837+0000" last-modified-by="admin" last-modified-at="2019-11-19T13:15:17.837+0000">
      <tags>
        <value>petstore</value>
      </tags>
      <home>/opt/jboss/wildfly</home>
      <port>9990</port>
      <enableDaemon>true</enableDaemon>
      <commandExecutionMode>CLI_COMMANDS</commandExecutionMode>
      <adminHostAddress>192.168.1.20</adminHostAddress>
      <username>admin</username>
      <password>{aes:v0}5a/PBMFcYtpvYGq2NNmQ6K/bn6gP0J/WsRjLWHUYCmA=</password>
      <cliScriptPrefix>jboss-cli</cliScriptPrefix>
    </jbossdm.StandaloneServer>
    <jbossdm.StandaloneServer id="Infrastructure/mac-1/mac-jboss" created-by="admin" created-at="2019-11-19T13:15:17.837+0000" last-modified-by="admin" last-modified-at="2019-11-19T13:15:17.837+0000">
      <tags>
        <value>petstore</value>
      </tags>
      <home>/opt/jboss/wildfly</home>
      <port>9990</port>
      <enableDaemon>true</enableDaemon>
      <commandExecutionMode>CLI_COMMANDS</commandExecutionMode>
      <adminHostAddress>192.168.43.179</adminHostAddress>
      <username>admin</username>
      <password>{aes:v0}AmV/MlGnPXRMAvfdu5h+Ss1zYCQm3owCcTYaXqS7hd0=</password>
      <cliScriptPrefix>jboss-cli</cliScriptPrefix>
    </jbossdm.StandaloneServer>
    <overthere.SshHost id="Infrastructure/mac-2" created-by="admin" created-at="2019-11-19T13:15:17.837+0000" last-modified-by="admin" last-modified-at="2019-11-19T13:15:17.837+0000">
      <tags>
        <value>petstore</value>
      </tags>
      <os>UNIX</os>
      <puppetPath>/usr/local/bin</puppetPath>
      <connectionType>INTERACTIVE_SUDO</connectionType>
      <address>192.168.43.179</address>
      <port>22</port>
      <username>root</username>
      <privateKeyFile>/opt/xebialabs/xl-deploy-server/id_rsa</privateKeyFile>
      <sudoUsername>root</sudoUsername>
    </overthere.SshHost>
    <jbossdm.StandaloneServer id="Infrastructure/mac-2/jboss.192.168.64.132.nip.io" created-by="admin" created-at="2019-11-19T13:15:17.837+0000" last-modified-by="admin" last-modified-at="2019-11-19T13:15:17.837+0000">
      <tags>
        <value>petstore</value>
      </tags>
      <home>/opt/jboss/wildfly</home>
      <port>80</port>
      <enableDaemon>true</enableDaemon>
      <commandExecutionMode>CLI_COMMANDS</commandExecutionMode>
      <adminHostAddress>jboss.192.168.64.132.nip.io</adminHostAddress>
      <username>admin</username>
      <password>{aes:v0}m1pu+W9aHLy7ioPcK1hIVVYYCGqGHP3s62D3chQWSBc=</password>
      <cliScriptPrefix>jboss-cli</cliScriptPrefix>
    </jbossdm.StandaloneServer>
    <jbossdm.StandaloneServer id="Infrastructure/mac-2/jboss.192.168.64.132.xip.io" created-by="admin" created-at="2019-11-19T13:15:17.837+0000" last-modified-by="admin" last-modified-at="2019-11-19T13:15:17.837+0000">
      <tags>
        <value>petstore</value>
      </tags>
      <home>/opt/jboss/wildfly</home>
      <port>80</port>
      <enableDaemon>true</enableDaemon>
      <commandExecutionMode>CLI_COMMANDS</commandExecutionMode>
      <adminHostAddress>jboss.192.168.64.132.xip.io</adminHostAddress>
      <username>admin</username>
      <password>{aes:v0}+i2LtYwehKzSW3N4YAObiI23E+SoaXzTDVx/N0ivwlk=</password>
      <cliScriptPrefix>jboss-cli</cliScriptPrefix>
    </jbossdm.StandaloneServer>
    <jbossdm.StandaloneServer id="Infrastructure/mac-2/jboss.local" created-by="admin" created-at="2019-11-19T13:15:17.837+0000" last-modified-by="admin" last-modified-at="2019-11-19T13:15:17.837+0000">
      <tags>
        <value>petstore</value>
      </tags>
      <home>/opt/jboss/wildfly</home>
      <port>9990</port>
      <enableDaemon>true</enableDaemon>
      <commandExecutionMode>CLI_COMMANDS</commandExecutionMode>
      <adminHostAddress>192.168.1.20</adminHostAddress>
      <username>admin</username>
      <password>{aes:v0}+XG1gf/acK7EjYA6CmtEJ5X/c2F4AxdXJRRXrR4myUs=</password>
      <cliScriptPrefix>jboss-cli</cliScriptPrefix>
    </jbossdm.StandaloneServer>
    <jbossdm.StandaloneServer id="Infrastructure/mac-2/mac-jboss" created-by="admin" created-at="2019-11-19T13:15:17.837+0000" last-modified-by="admin" last-modified-at="2019-11-19T13:15:17.837+0000">
      <tags>
        <value>petstore</value>
      </tags>
      <home>/opt/jboss/wildfly</home>
      <port>9990</port>
      <enableDaemon>true</enableDaemon>
      <commandExecutionMode>CLI_COMMANDS</commandExecutionMode>
      <adminHostAddress>192.168.43.179</adminHostAddress>
      <username>admin</username>
      <password>{aes:v0}pbtZAFL5WWfTOjFiJqJV61cq9AUs5d8XpenrLNRHdhU=</password>
      <cliScriptPrefix>jboss-cli</cliScriptPrefix>
    </jbossdm.StandaloneServer>
  </xl:exported-configuration-items>
</xl:export>
