<?xml version="1.0" encoding="UTF-8"?>
<xl:export xmlns:xl="http://www.xebialabs.com/xl-export">
  <xl:metadata>
    <xl:exported-by>admin</xl:exported-by>
    <xl:exported-at>2019-10-04T13:04:27.009+0000</xl:exported-at>
    <xl:exported-format-version>9.0.5</xl:exported-format-version>
    <xl:encryption-key-fingerprint>75a69783f7141d2adfa359690aeaf03facaa3f7d</xl:encryption-key-fingerprint>
  </xl:metadata>
  <xl:exported-configuration-items exported-root-id="Environments">
    <udm.Environment id="Environments/PRD" created-by="admin" created-at="2019-10-04T11:09:40.520+0000" last-modified-by="admin" last-modified-at="2019-10-04T11:09:40.520+0000">
      <members>
        <!--ci ref="Infrastructure/mac-2/jboss.local" /-->
        <!--ci ref="Infrastructure/mac-2/jboss.192.168.64.232.nip.io" /-->
        <ci ref="Infrastructure/mac-2/jboss.192.168.64.232.xip.io" />
        <ci ref="Infrastructure/mac-2" />
        <ci ref="Infrastructure/Windows10Cifs" />
        <ci ref="Infrastructure/mac-1/tomcat/tomcat-virtualhost" />
      </members>
      <triggers />
      <dictionaries>
        <ci ref="Environments/PRD_DICT" />
      </dictionaries>
      <triggers>
        <ci ref="Configuration/FailedStepTrigger" />
      </triggers>
      <smtpServer ref="Configuration/PRD_SMTP_SERVER" />
    </udm.Environment>
    <udm.Dictionary id="Environments/PRD_DICT" created-by="admin" created-at="2019-10-10T08:03:55.409+0000" last-modified-by="admin" last-modified-at="2019-10-10T08:03:55.409+0000">
        <restrictToContainers />
        <restrictToApplications />
        <entries>
          <entry key="JBOSS_HOME">/opt/jboss/wildfly</entry>
          <entry key="message">Hello PRD ZKB!</entry>
          <entry key="WINDOWS_SMOKETEST_URL">http://DESKTOP-OU0F15M:8080</entry>
          <entry key="PETSTORE_SMOKETEST_URL">http://jboss-webapp.192.168.64.232.nip.io/tomcat-sample/hello.jsp</entry>
        </entries>
        <encryptedEntries />
    </udm.Dictionary>
    <udm.Environment id="Environments/UAT" created-by="admin" created-at="2019-10-04T11:09:40.520+0000" last-modified-by="admin" last-modified-at="2019-10-04T11:09:40.520+0000">
      <members>
        <!--ci ref="Infrastructure/mac-1/jboss.local" /-->
        <!--ci ref="Infrastructure/mac-1/jboss.192.168.64.232.nip.io" /-->
        <ci ref="Infrastructure/mac-1/jboss.192.168.64.232.xip.io" />
        <ci ref="Infrastructure/mac-1" />
        <ci ref="Infrastructure/Windows10Cifs" />
        <ci ref="Infrastructure/mac-1/tomcat/tomcat-virtualhost" />
      </members>
      <triggers />
      <dictionaries>
        <ci ref="Environments/UAT_DICT" />
      </dictionaries>
      <triggers>
        <ci ref="Configuration/FailedStepTrigger" />
      </triggers>
      <smtpServer ref="Configuration/UAT_SMTP_SERVER" />
    </udm.Environment>
    <udm.Dictionary id="Environments/UAT_DICT" created-by="admin" created-at="2019-10-10T08:03:55.409+0000" last-modified-by="admin" last-modified-at="2019-10-10T08:03:55.409+0000">
        <restrictToContainers />
        <restrictToApplications />
        <entries>
          <entry key="JBOSS_HOME">/opt/jboss/wildfly</entry>
          <entry key="message">Hello UAT ZKB!</entry>
          <entry key="WINDOWS_SMOKETEST_URL">http://DESKTOP-OU0F15M:8080</entry>
          <entry key="PETSTORE_SMOKETEST_URL">http://jboss-webapp.192.168.64.232.nip.io/tomcat-sample/hello.jsp</entry>
        </entries>
        <encryptedEntries />
    </udm.Dictionary>
  </xl:exported-configuration-items>
  <xl:exported-configuration-items exported-root-id="Infrastructure">
   <overthere.CifsHost id="Infrastructure/Windows10Cifs" created-by="admin" created-at="2019-10-23T20:48:16.016+0000" last-modified-by="admin" last-modified-at="2019-10-23T20:48:16.016+0000">
      <tags>
        <value>windows-webform</value>
      </tags>
      <puppetPath>/usr/local/bin</puppetPath>
      <os>WINDOWS</os>
      <connectionType>WINRM_INTERNAL</connectionType>
      <address>DESKTOP-OU0F15M</address>
      <username>Administrator</username>
      <password>{aes:v0}UQp46QIEIhmTlj6jAghnpwmP/Qt/627QPqtrkfV/bIk=</password>
      <winrmEnableHttps>false</winrmEnableHttps>
      <winrsAllowDelegate>false</winrsAllowDelegate>
      <pathShareMappings />
      <cifsPort>445</cifsPort>
    </overthere.CifsHost>
    <overthere.SshHost id="Infrastructure/mac-1" created-by="admin" created-at="2019-10-04T11:09:33.237+0000" last-modified-by="admin" last-modified-at="2019-10-04T11:09:33.237+0000">
      <tags>
        <value>petstore</value>
      </tags>
      <os>UNIX</os>
      <puppetPath>/usr/local/bin</puppetPath>
      <connectionType>INTERACTIVE_SUDO</connectionType>
      <address>192.168.1.20</address>
      <port>22</port>
      <username>root</username>
      <privateKeyFile>/opt/xebialabs/xl-deploy-server/id_rsa</privateKeyFile>
      <sudoUsername>root</sudoUsername>
    </overthere.SshHost>
    <overthere.SshHost id="Infrastructure/mac-2" created-by="admin" created-at="2019-10-04T11:09:33.237+0000" last-modified-by="admin" last-modified-at="2019-10-04T11:09:33.237+0000">
      <tags>
        <value>petstore</value>
      </tags>
      <os>UNIX</os>
      <puppetPath>/usr/local/bin</puppetPath>
      <connectionType>INTERACTIVE_SUDO</connectionType>
      <address>192.168.1.20</address>
      <port>22</port>
      <username>root</username>
      <privateKeyFile>/opt/xebialabs/xl-deploy-server/id_rsa</privateKeyFile>
      <sudoUsername>root</sudoUsername>
    </overthere.SshHost>
    <tomcat.Server id="Infrastructure/mac-1/tomcat" created-by="admin" created-at="2019-11-20T20:44:23.359+0000" last-modified-by="admin" last-modified-at="2019-11-20T20:44:23.359+0000">
      <tags>
        <value>tomcat</value>
        <value>web</value>
      </tags>
      <envVars />
      <home>/usr/local/tomcat</home>
      <startCommand>/usr/local/tomcat/bin/startup.sh</startCommand>
      <stopCommand>/usr/local/tomcat/bin/shutdown.sh</stopCommand>
      <startWaitTime>0</startWaitTime>
      <stopWaitTime>0</stopWaitTime>
    </tomcat.Server>
    <tomcat.VirtualHost id="Infrastructure/mac-1/tomcat/tomcat-virtualhost" created-by="admin" created-at="2019-11-20T20:45:08.458+0000" last-modified-by="admin" last-modified-at="2019-11-20T20:45:08.458+0000">
      <tags>
        <value>tomcat</value>
        <value>web</value>
      </tags>
      <envVars />
      <appBase>webapps</appBase>
      <hostName>localhost</hostName>
    </tomcat.VirtualHost>
    <jbossdm.StandaloneServer id="Infrastructure/mac-1/jboss.local" created-by="admin" created-at="2019-10-14T17:16:21.755+0000" last-modified-by="admin" last-modified-at="2019-10-14T17:16:21.755+0000">
      <tags>
        <value>petstore</value>
      </tags>
      <home>/opt/jboss/wildfly</home>
      <port>9990</port>
      <enableDaemon>true</enableDaemon>
      <commandExecutionMode>CLI_COMMANDS</commandExecutionMode>
      <adminHostAddress>192.168.1.20</adminHostAddress>
      <username>admin</username>
      <password>{aes:v0}3ZY/noV0UTCzbX2xGqbiVjoXmgbdslV18UMM5XTI5As=</password>
      <cliScriptPrefix>jboss-cli</cliScriptPrefix>
    </jbossdm.StandaloneServer>
    <jbossdm.StandaloneServer id="Infrastructure/mac-1/jboss.192.168.64.232.nip.io" created-by="admin" created-at="2019-10-04T11:09:33.237+0000" last-modified-by="admin" last-modified-at="2019-10-04T11:24:12.735+0000">
      <tags>
        <value>petstore</value>
      </tags>
      <home>/opt/jboss/wildfly</home>
      <port>80</port>
      <enableDaemon>true</enableDaemon>
      <commandExecutionMode>CLI_COMMANDS</commandExecutionMode>
      <adminHostAddress>jboss.192.168.64.232.nip.io</adminHostAddress>
      <username>admin</username>
      <password>{aes:v0}wyoI5G4fDaNgUEqg7bSm9rX2BZoGVdss+EZwMZ1NWeI=</password>
      <cliScriptPrefix>jboss-cli</cliScriptPrefix>
    </jbossdm.StandaloneServer>
    <jbossdm.StandaloneServer id="Infrastructure/mac-1/jboss.192.168.64.232.xip.io" created-by="admin" created-at="2019-10-04T11:24:45.007+0000" last-modified-by="admin" last-modified-at="2019-10-04T11:25:19.683+0000">
      <tags>
        <value>petstore</value>
      </tags>
      <home>/opt/jboss/wildfly</home>
      <port>80</port>
      <enableDaemon>true</enableDaemon>
      <commandExecutionMode>CLI_COMMANDS</commandExecutionMode>
      <adminHostAddress>jboss.192.168.64.232.xip.io</adminHostAddress>
      <username>admin</username>
      <password>{aes:v0}E06DkSRjreo6Q5NDOopPNqpbj8EQLSbQrbkBWnLO5Nc=</password>
      <cliScriptPrefix>jboss-cli</cliScriptPrefix>
    </jbossdm.StandaloneServer>
    <jbossdm.StandaloneServer id="Infrastructure/mac-1/mac-jboss" created-by="admin" created-at="2019-10-04T11:09:33.237+0000" last-modified-by="admin" last-modified-at="2019-10-04T11:09:33.237+0000">
      <tags>
        <value>petstore</value>
      </tags>
      <home>/opt/jboss/wildfly</home>
      <port>9990</port>
      <enableDaemon>true</enableDaemon>
      <commandExecutionMode>CLI_COMMANDS</commandExecutionMode>
      <adminHostAddress>192.168.1.20</adminHostAddress>
      <username>admin</username>
      <password>{aes:v0}wyoI5G4fDaNgUEqg7bSm9rX2BZoGVdss+EZwMZ1NWeI=</password>
      <cliScriptPrefix>jboss-cli</cliScriptPrefix>
    </jbossdm.StandaloneServer>
    <jbossdm.StandaloneServer id="Infrastructure/mac-2/jboss.local" created-by="admin" created-at="2019-10-14T17:16:21.755+0000" last-modified-by="admin" last-modified-at="2019-10-14T17:16:21.755+0000">
      <tags>
        <value>petstore</value>
      </tags>
      <home>/opt/jboss/wildfly</home>
      <port>9990</port>
      <enableDaemon>true</enableDaemon>
      <commandExecutionMode>CLI_COMMANDS</commandExecutionMode>
      <adminHostAddress>192.168.1.20</adminHostAddress>
      <username>admin</username>
      <password>{aes:v0}3ZY/noV0UTCzbX2xGqbiVjoXmgbdslV18UMM5XTI5As=</password>
      <cliScriptPrefix>jboss-cli</cliScriptPrefix>
    </jbossdm.StandaloneServer>
    <jbossdm.StandaloneServer id="Infrastructure/mac-2/jboss.192.168.64.232.nip.io" created-by="admin" created-at="2019-10-04T11:09:33.237+0000" last-modified-by="admin" last-modified-at="2019-10-04T11:24:12.735+0000">
      <tags>
        <value>petstore</value>
      </tags>
      <home>/opt/jboss/wildfly</home>
      <port>80</port>
      <enableDaemon>true</enableDaemon>
      <commandExecutionMode>CLI_COMMANDS</commandExecutionMode>
      <adminHostAddress>jboss.192.168.64.232.nip.io</adminHostAddress>
      <username>admin</username>
      <password>{aes:v0}wyoI5G4fDaNgUEqg7bSm9rX2BZoGVdss+EZwMZ1NWeI=</password>
      <cliScriptPrefix>jboss-cli</cliScriptPrefix>
    </jbossdm.StandaloneServer>
    <jbossdm.StandaloneServer id="Infrastructure/mac-2/jboss.192.168.64.232.xip.io" created-by="admin" created-at="2019-10-04T11:24:45.007+0000" last-modified-by="admin" last-modified-at="2019-10-04T11:25:19.683+0000">
      <tags>
        <value>petstore</value>
      </tags>
      <home>/opt/jboss/wildfly</home>
      <port>80</port>
      <enableDaemon>true</enableDaemon>
      <commandExecutionMode>CLI_COMMANDS</commandExecutionMode>
      <adminHostAddress>jboss.192.168.64.232.xip.io</adminHostAddress>
      <username>admin</username>
      <password>{aes:v0}E06DkSRjreo6Q5NDOopPNqpbj8EQLSbQrbkBWnLO5Nc=</password>
      <cliScriptPrefix>jboss-cli</cliScriptPrefix>
    </jbossdm.StandaloneServer>
    <jbossdm.StandaloneServer id="Infrastructure/mac-2/mac-jboss" created-by="admin" created-at="2019-10-04T11:09:33.237+0000" last-modified-by="admin" last-modified-at="2019-10-04T11:09:33.237+0000">
      <tags>
        <value>petstore</value>
      </tags>
      <home>/opt/jboss/wildfly</home>
      <port>9990</port>
      <enableDaemon>true</enableDaemon>
      <commandExecutionMode>CLI_COMMANDS</commandExecutionMode>
      <adminHostAddress>192.168.1.20</adminHostAddress>
      <username>admin</username>
      <password>{aes:v0}wyoI5G4fDaNgUEqg7bSm9rX2BZoGVdss+EZwMZ1NWeI=</password>
      <cliScriptPrefix>jboss-cli</cliScriptPrefix>
    </jbossdm.StandaloneServer>
  </xl:exported-configuration-items>
  <xl:exported-configuration-items exported-root-id="Configuration">
    <release.DeploymentPipeline id="Configuration/CD-PIPELINE" created-by="admin" created-at="2019-10-20T20:20:36.597+0000" last-modified-by="admin" last-modified-at="2019-10-20T20:20:36.597+0000">
      <pipeline>
        <ci ref="Environments/UAT" />
        <ci ref="Environments/PRD" />
      </pipeline>
    </release.DeploymentPipeline>
    <trigger.EmailNotification id="Configuration/FailedEmailAction" created-by="admin" created-at="2019-10-20T09:57:44.551+0000" last-modified-by="admin" last-modified-at="2019-10-20T10:17:06.059+0000">
      <toAddresses>
        <value>filekeys@gmail.com</value>
      </toAddresses>
      <fromAddress>mellouk@filekeys.com</fromAddress>
      <subject>Deployment step for Application ${deployedApplication.version.application.name} has failed.</subject>
      <sendContentAsHtml>true</sendContentAsHtml>
      <body>&lt;h1&gt;Deployment of ${deployedApplication.version.application.name} has failed on environment ${deployedApplication.environment.name}&lt;/h1&gt;</body>
      <mailServer ref="Configuration/UAT_SMTP_SERVER" />
    </trigger.EmailNotification>
    <trigger.StepTrigger id="Configuration/FailedStepTrigger" created-by="admin" created-at="2019-10-20T10:00:26.715+0000" last-modified-by="admin" last-modified-at="2019-10-20T10:00:26.715+0000">
      <actions>
        <ci ref="Configuration/FailedEmailAction" />
      </actions>
      <fromState>ANY</fromState>
      <toState>FAILED</toState>
    </trigger.StepTrigger>
    <mail.SmtpServer id="Configuration/PRD_SMTP_SERVER" created-by="admin" created-at="2019-10-10T13:58:44.481+0000" last-modified-by="admin" last-modified-at="2019-10-10T13:59:42.972+0000">
      <host>smtp.eu.mailgun.org</host>
      <port>587</port>
      <username>postmaster@io.brokerme.club</username>
      <password>{aes:v0}vpgjyY2K+kVIc1WiTppUjJKIK+TJLBzIziz1E2TGG+s=</password>
      <fromAddress>postmaster@io.brokerme.club</fromAddress>
      <testAddress>filekeys@gmail.com</testAddress>
      <smtpProperties />
    </mail.SmtpServer>
    <mail.SmtpServer id="Configuration/UAT_SMTP_SERVER" created-by="admin" created-at="2019-10-10T13:58:44.481+0000" last-modified-by="admin" last-modified-at="2019-10-10T13:59:42.972+0000">
      <host>mail.filekeys.com</host>
      <port>25</port>
      <username>mellouk</username>
      <password>{aes:v0}vpgjyY2K+kVIc1WiTppUjJKIK+TJLBzIziz1E2TGG+s=</password>
      <fromAddress>mellouk@filekeys.com</fromAddress>
      <testAddress>filekeys@gmail.com</testAddress>
      <smtpProperties />
    </mail.SmtpServer>
  </xl:exported-configuration-items>
</xl:export>
